1,COO,11.5
2,O=[N+]([O-])C([N+](=O)[O-])[N+](=O)[O-],0.14
3,O=[N+]([O-])C[N+](=O)[O-],3.63
4,O=S(O)CO,1.65
5,COP(=O)(O)OP(=O)(O)OP(=O)(O)O,6.45
6,O=[N+]([O-])C(Cl)[N+](=O)[O-],3.53
7,O=[N+]([O-])C(Br)[N+](=O)[O-],3.6
8,O=[N+]([O-])C(I)[N+](=O)[O-],3.19
9,O=[N+]([O-])C(F)[N+](=O)[O-],7.7
10,O=CC(=O)O,3.18
11,CC(=O)OO,8.2
12,CCOO,11.8
13,CCS,10.5
14,O=C(O)C(Cl)(Cl)Cl,0.518
15,O=C(O)C(F)(F)F,0.52
16,N#CC([N+](=O)[O-])[N+](=O)[O-],-6.22
17,O=C(O)C(Cl)Cl,1.33
18,O=C(O)C(F)F,1.31
19,NC(=O)C([N+](=O)[O-])[N+](=O)[O-],1.3
20,O=C(O)CS,3.52
21,CC([N+](=O)[O-])[N+](=O)[O-],5.3
22,O=[N+]([O-])C(CO)[N+](=O)[O-],4.24
23,CC(=O)NO,9.4
24,NC(=S)NC(N)=S,9.09
25,OCCS,9.48
26,COP(=O)(O)OC,1.22
27,O=C(O)C(F)(F)Cl,0.46
28,COP(=S)(S)OC,1.55
29,NCCS(=O)(=O)O,9.07
30,C#CC(=O)O,1.867
31,N#Cc1[nH]nnc1N,6.15
32,C=CC(=O)O,4.246
33,O=C(O)CC(=O)O,2.3
34,O=C(O)C(O)C(=O)O,1.89
35,c1c[nH]cn1,7.27
36,CCC(=O)O,4.66
37,COCC(=O)O,3.31
38,CC(C)OO,12.1
39,O=C(O)C#CCl,1.82
40,O=C(O)C#CBr,1.839
41,N#CCC(=O)O,2.46
42,O=c1nc[nH]c(=O)[nH]1,6.5
43,N#CCC([N+](=O)[O-])[N+](=O)[O-],2.34
44,COC(=O)C([N+](=O)[O-])[N+](=O)[O-],0.98
45,O=[N+]([O-])C(CC([N+](=O)[O-])[N+](=O)[O-])[N+](=O)[O-],7.11
46,NC(C(=O)O)C(=O)O,3.32
47,NC(=O)CC([N+](=O)[O-])[N+](=O)[O-],3.41
48,O=[N+]([O-])CCC([N+](=O)[O-])[N+](=O)[O-],3.37
49,O=[N+]([O-])OCCC([N+](=O)[O-])[N+](=O)[O-],3.67
50,CCC([N+](=O)[O-])[N+](=O)[O-],5.61
51,COCC([N+](=O)[O-])[N+](=O)[O-],3.56
52,O=[N+]([O-])C(CCO)[N+](=O)[O-],4.73
53,CN(CC([N+](=O)[O-])[N+](=O)[O-])[N+](=O)[O-],2.69
54,O=[N+]([O-])NCCC([N+](=O)[O-])[N+](=O)[O-],3.71
55,C[C@H](N)C(=O)O,2.2
56,NCCC([N+](=O)[O-])[N+](=O)[O-],2.71
57,CCOP(C)(=O)O,2.25
58,CCP(=O)(O)OC,1.88
59,O=C1CSC(=S)N1,5.18
60,O=c1c(O)c(O)c1=O,1.5
61,CC#CC(=O)O,2.611
62,O=C(O)CCC(=O)O,4.14
63,CC(C(=O)O)C(=O)O,2.5
64,O=C(O)CC(O)C(=O)O,3.28
65,O=C(O)C(O)C(O)C(=O)O,2.89
66,CCOCC(=O)O,3.46
67,CC(C)(C)OO,12.8
68,CC(C)COO,12.8
69,O=c1[nH]cc([N+](=O)[O-])c(=O)[nH]1,5.55
70,O=c1cc[nH]c(=O)[nH]1,9.38
71,O=c1cc(O)[nH]cn1,5.4
72,O=c1[nH]cc(O)c(=O)[nH]1,8.11
73,Nc1nc(=O)[nH]cc1[N+](=O)[O-],7.43
74,Nc1nc(=O)c([N+](=O)[O-])c[nH]1,6.7
75,COC(=O)C(C#N)[N+](=O)[O-],-5.2
76,O=C1NCc2[nH]nnc2N1,-1.36
77,NCC#CC(=O)O,1.8
78,N#CCCC([N+](=O)[O-])[N+](=O)[O-],2.5
79,N#CCC(N)C(=O)O,1.7
80,O=C1Nc2nn[nH]c2C(NO)N1,-1.43
81,C=CCC([N+](=O)[O-])[N+](=O)[O-],4.99
82,COC(=O)CC([N+](=O)[O-])[N+](=O)[O-],3.08
83,CC(CC([N+](=O)[O-])[N+](=O)[O-])([N+](=O)[O-])[N+](=O)[O-],1.37
84,O=C(O)CNCC(=O)O,2.98
85,CC(=O)NCC([N+](=O)[O-])[N+](=O)[O-],4
86,NC(=O)CCC([N+](=O)[O-])[N+](=O)[O-],4.49
87,CC(CC([N+](=O)[O-])[N+](=O)[O-])[N+](=O)[O-],2.94
88,CCSCC(=O)O,3.61
89,CC(=O)CS(C)(=O)=O,10.03
90,CCCC([N+](=O)[O-])[N+](=O)[O-],5.4
91,CC(C)C([N+](=O)[O-])[N+](=O)[O-],6.77
92,O=[N+]([O-])C(CCCO)[N+](=O)[O-],5.06
93,NNC(=O)CCC([N+](=O)[O-])[N+](=O)[O-],4.15
94,CCN(CC([N+](=O)[O-])[N+](=O)[O-])[N+](=O)[O-],2.44
95,CN(CCC([N+](=O)[O-])[N+](=O)[O-])[N+](=O)[O-],3.45
96,CCC(N)C(=O)O,2.1
97,NCCCC([N+](=O)[O-])[N+](=O)[O-],3.93
98,NCCC(N)C(=O)O,1.85
99,CCCCS(=O)O,2.11
100,CCCOP(C)(=O)O,2.38
101,CCOP(=O)(O)OCC,1.37
102,CCP(=S)(S)CC,0.98
103,O=c1cc(Cl)[nH]cn1,7.43
104,O=c1cc(S)[nH]cn1,4.33
105,OB(O)c1cccs1,8.13
106,OB(O)c1ccsc1,8.8
107,CC(Cl)(CC([N+](=O)[O-])[N+](=O)[O-])[N+](=O)[O-],2.32
108,CCOP(=S)(S)OCC,1.62
109,O=c1c(O)c(O)c(=O)c1=O,0.89
110,O=C1CCC=C1O,9.14
111,CC1=C(O)C(=O)OC1,7.77
112,Cn1cnc2nn[nH]c2c1=N,3.25
113,CC(=O)CC(C)=O,9.02
114,O=C(O)CCCC(=O)O,4.3
115,O=C(O)C(O)C(O)C(O)C(=O)O,3.08
116,O=c1[nH]c(=O)c2[nH]cnc2[nH]1,7.44
117,S=c1ncnc2[nH][nH]cc1-2,-0.66
118,O=c1ccc(O)c[nH]1,8.51
119,O=C(O)c1ccc[nH]1,4.39
120,O=C(O)c1cc[nH]c1,5
121,Nc1[nH]c(=O)cnc1C=O,6.61
122,O=c1cc(O)cc(O)[nH]1,4.6
123,Cn1cc([N+](=O)[O-])c(=O)[nH]c1=O,7.2
124,Cn1nnc2[nH]c(=O)nc(N)c21,2.94
125,Cn1nnc2[nH]c(N)nc(=O)c21,1.58
126,Cn1nc2[nH]c(=O)nc(N)c2n1,3.94
127,Cn1nc2nc(N)[nH]c(=O)c2n1,1.86
128,Cc1c[nH]c(=O)[nH]c1=O,8.89
129,Cn1ccc(=S)[nH]c1=S,7.47
130,Cc1o[nH]c(=O)c1C,6.1
131,CC(C)(C#N)C(=O)O,2.4
132,CC(C#N)CC([N+](=O)[O-])[N+](=O)[O-],3.27
133,N#CCCCC([N+](=O)[O-])[N+](=O)[O-],4.34
134,O/N=C1/CCC/C1=N/O,10.1
135,CONC1NC(=O)Nc2nn[nH]c21,1.45
136,CC=CCC([N+](=O)[O-])[N+](=O)[O-],5.26
137,O=C(O)CCSCC(=O)O,3.64
138,O=C(O)CSCSCC(=O)O,3.37
139,CC(=O)OCCC([N+](=O)[O-])[N+](=O)[O-],4.19
140,COC(=O)CCC([N+](=O)[O-])[N+](=O)[O-],4.43
141,CC(=O)C(O)CC([N+](=O)[O-])[N+](=O)[O-],3.98
142,CCC(CC([N+](=O)[O-])[N+](=O)[O-])([N+](=O)[O-])[N+](=O)[O-],1.47
143,CC(CCC([N+](=O)[O-])[N+](=O)[O-])([N+](=O)[O-])[N+](=O)[O-],3.72
144,COCC(CC([N+](=O)[O-])[N+](=O)[O-])([N+](=O)[O-])[N+](=O)[O-],1.45
145,O=C(O)[C@@H]1CCCN1,1.8
146,CN(CC(=O)O)CC(=O)O,2.146
147,N[C@@H](CCC(=O)O)C(=O)O,2.06
148,CC(=O)NCCC([N+](=O)[O-])[N+](=O)[O-],4.28
149,CC(CC([N+](=O)[O-])[N+](=O)[O-])C(N)=O,5.24
150,NC(=O)CCCC([N+](=O)[O-])[N+](=O)[O-],4.75
151,CC(CCC([N+](=O)[O-])[N+](=O)[O-])=NO,4.46
152,CCC(CC([N+](=O)[O-])[N+](=O)[O-])[N+](=O)[O-],2.96
153,CC(C)CC([N+](=O)[O-])[N+](=O)[O-],5.4
154,CCCCC([N+](=O)[O-])[N+](=O)[O-],5.45
155,CC(C)[C@H](N)C(=O)O,2.24
156,CCN(CC)C(=S)S,6
157,O=C1N=C(O)C(Cl)=CC1(Cl)Cl,6.53
158,O=C1N=C(O)C(Br)=CC1(Br)Br,6.78
159,Cn1nnc2[nH]c(=S)[nH]c(=O)c21,6.73
160,CSc1cc(=O)nc[nH]1,8.52
161,O=[N+]([O-])C(CCCC(Cl)(Cl)Cl)[N+](=O)[O-],4.79
162,O=C(O)CN(CC(=O)O)CP(=O)(O)O,2
163,CSCC[C@H](N)C(=O)O,2.17
164,O=P(O)(O)CN(CCO)CCO,4.98
165,N#Cc1cc2[nH]nnc2nc1N,-0.06
166,Oc1ccccc1,10.04
167,Oc1ccccc1O,9.37
168,Oc1cccc(O)c1,9.2
169,Oc1ccc(O)cc1,9.91
170,Oc1cccc(O)c1O,9.28
171,Oc1ccc(O)c(O)c1,9.08
172,Oc1cc(O)cc(O)c1,7.97
173,O=C1CCCCC1=O,10.3
174,O=CC1CCCC1=O,5.83
175,CC1CC=C(O)C1=O,9.6
176,O=C1CCC(C(=O)O)C1,4.25
177,O=C(O)CC(CC(=O)O)C(=O)O,3.47
178,O=C(O)CC(O)(CC(=O)O)C(=O)O,2.96
179,CCC(=O)CC(C)=O,9.36
180,CC(=O)C(C)C(C)=O,10.7
181,CCOC(=O)CC(C)=O,10.49
182,O=C(O)C1CCCCO1,3.8
183,O=C(O)CCCCC(=O)O,4.42
184,CCC(C)(C(=O)O)C(=O)O,2.2
185,O=C(O)COCCOCC(=O)O,3.15
186,O=C1C(O)=C(Cl)C(=O)C(O)=C1Cl,0.56
187,O=[N+]([O-])c1cc([N+](=O)[O-])c(O)c([N+](=O)[O-])c1,0.27
188,Oc1ccc(Cl)c(Cl)c1,8.701
189,Oc1cc(Cl)cc(Cl)c1,8.243
190,Oc1cc(Br)cc(Br)c1,8.125
191,Oc1cc(I)cc(I)c1,8.175
192,O=c1[nH]c(=O)c2nccnc2[nH]1,7.95
193,O=c1cnc2[nH]c(=O)ncc2[nH]1,5.58
194,O=c1cnc2c[nH]c(=O)[nH]c-2n1,5.83
195,O=c1cnc2[nH]cnc(=O)c2[nH]1,6.05
196,O=c1cnc2c(=O)nc[nH]c2[nH]1,6.08
197,O=c1cnc2[nH]c(=O)[nH]c(=O)c2[nH]1,5.85
198,O=[N+]([O-])c1cc(O)cc([N+](=O)[O-])c1,6.78
199,Nc1nc(=O)c2nccnc2[nH]1,2.2
200,Cc1n[nH]c2ncnc(=O)c-2n1,7
201,Oc1ccccc1Cl,8.611
202,Oc1cccc(Cl)c1,9.186
203,Oc1ccccc1Br,8.508
204,Oc1cccc(Br)c1,9.099
205,Oc1ccccc1I,8.568
206,Oc1cccc(I)c1,9.104
207,O=[N+]([O-])c1ccccc1O,7.293
208,O=[N+]([O-])c1cccc(O)c1,8.423
209,O=[N+]([O-])c1ccc(O)cc1,7.216
210,O=[N+]([O-])c1cccc(O)c1O,6.76
211,O=[N+]([O-])c1c(O)cccc1O,6.37
212,O=[N+]([O-])c1ccc(O)cc1O,6.15
213,O=[N+]([O-])c1cc(O)cc(O)c1,6.59
214,O=[N+]([O-])c1cc(O)ccc1O,7.47
215,Nc1[nH]c(=O)c(C(=O)O)nc1C=O,3.71
216,Cn1[nH]cc2c(=O)ncnc1-2,9.26
217,Cc1cc(=O)n2[nH]cnc2n1,6.22
218,Cc1n[nH]c2nc(N)nc(=O)c-2n1,1.14
219,NC(=O)c1cc2[nH]nnc2nc1N,5.35
220,O=C1CNC2=CNC(=O)NC2=N1,5.84
221,O=C1CNc2[nH]cnc(=O)c2N1,9.14
222,O=C1CNc2c([nH]cnc2=O)N1,8.45
223,O=C1Nc2nccnc2C(O)N1,11.05
224,O=C1Nc2cncnc2NC1O,9.9
225,Cn1c(=O)[nH]c2nc[nH]c2c1=O,7.9
226,Cn1c(=O)[nH]c(=O)c2[nH]cnc21,8.45
227,Cn1cnc2[nH]c(=O)[nH]c(=O)c21,8.42
228,Cn1cnc2c(=O)[nH]c(=O)[nH]c21,6.12
229,Cn1c(=O)[nH]c2cnc(=O)[nH]c21,8.74
230,O=S(O)c1ccccc1,1.29
231,O=C1Nc2cnc(=O)[nH]c2NC1O,9.44
232,O=C1CNc2[nH]c(=O)[nH]c(=O)c2N1,7.07
233,S=C1NCc2nccnc2N1,10.95
234,Nc1ccccc1O,10.05
235,Nc1cccc(O)c1,9.96
236,Nc1cccc(O)c1O,7.7
237,Nc1ccc(O)c(O)c1,8.12
238,Nc1c(O)cccc1O,8.09
239,Nc1ccc(O)cc1O,7.91
240,Nc1cc(O)cc(O)c1,7.88
241,Nc1cc(O)ccc1O,8.01
242,CNc1[nH]c(=O)cnc1C=O,6.44
243,COc1nc(=O)c2c(nnn2C)[nH]1,7.17
244,COc1nc2nn(C)nc2c(=O)[nH]1,7.69
245,OB(O)c1ccccc1,8.86
246,Nc1c(C(=O)O)ncn1CC(=O)O,3.25
247,CCOc1nc(=O)[nH]cc1[N+](=O)[O-],6.6
248,CCOc1nc(=O)c([N+](=O)[O-])c[nH]1,4.88
249,O=C1CCC(=O)N1CC([N+](=O)[O-])[N+](=O)[O-],2.92
250,N#CCCC(CC([N+](=O)[O-])[N+](=O)[O-])([N+](=O)[O-])[N+](=O)[O-],0.9
251,Nc1ccccc1S,3
252,CCc1c[nH]c(=O)[nH]c1=O,9.9
253,CNc1[nH]c(=O)cnc1C(N)=O,7.48
254,N#CCN(CC(=O)O)CC(=O)O,3.06
255,CC(C)C(C#N)C(=O)O,2.365
256,Cn1c(NO)cc(=O)n(C)c1=O,9.58
257,N#CCCCCC([N+](=O)[O-])[N+](=O)[O-],5
258,O=C(O)CN(CC(=O)O)CC(=O)O,0.8
259,NC(=O)CCC(CC([N+](=O)[O-])[N+](=O)[O-])([N+](=O)[O-])[N+](=O)[O-],1.16
260,O=C(O)CCSCCC(=O)O,4.09
261,O=C(O)CCSSCCC(=O)O,3.88
262,NC(=O)CN(CC(=O)O)CC(=O)O,2.3
263,O=C(O)[C@@H]1CCCCN1,2.29
264,O=C(O)CN(CCO)CC(=O)O,2.2
265,NCCN(CC(=O)O)CC(=O)O,5.58
266,CC(C)(C)CC([N+](=O)[O-])[N+](=O)[O-],5.05
267,CCCCCC([N+](=O)[O-])[N+](=O)[O-],5.41
268,O=C(O)CN(CCO)CC(=O)NO,5.69
269,O=C(O)CN(CCO)CCO,1.68
270,N[C@@H](C(=O)O)[C@@H](O)[C@H](O)[C@H](O)CO,9.24
271,O=C(CO)[C@@H](O)[C@H](O)[C@H](O)COP(=O)(O)O,5.84
272,CCCP(=O)(O)CCC,3.26
273,CCCOP(=O)(O)OCCC,1.52
274,CC(C)P(=S)(S)C(C)C,1.64
275,O=P(O)(O)Oc1cc(Cl)c(Cl)cc1Cl,0.53
276,Cn1c(Br)nc2c(=O)[nH]c(=O)[nH]c21,5.45
277,O=P(O)(O)Oc1ccc(Cl)cc1Cl,0.65
278,Cc1cc(Cl)[nH]c(=O)c1,0.2
279,OC1NC(=S)Nc2nccnc21,9.72
280,Cn1c(S)nc2c[nH]c(=O)nc21,7
281,NS(=O)(=O)c1cccc([N+](=O)[O-])c1,9.2
282,NS(=O)(=O)c1ccc([N+](=O)[O-])cc1,9.14
283,O=P(O)(O)Oc1ccc(Cl)cc1,0.7
284,CSc1nc2nn(C)nc2c(=O)[nH]1,7.28
285,NS(=O)(=O)c1ccccc1,10
286,Nc1ccc(S(=O)(=O)O)cc1,2.93
287,Cn1nnc2[nH]c(S(C)(=O)=O)nc(=O)c21,2.96
288,Cn1nc2nc(S(C)(=O)=O)[nH]c(=O)c2n1,3.54
289,Nc1ccc(S(N)(=O)=O)cc1,10.58
290,O=C(O)CN(CCS)CC(=O)O,2.14
291,O=C(O)CN(CCS(=O)(=O)O)CC(=O)O,1.9
292,O=C(O)CN(CCP(=O)(O)O)CC(=O)O,1.9
293,CC(C)OP(=S)(S)OC(C)C,1.82
294,CCCOP(=S)(S)OCCC,1.75
295,NS(=O)(=O)c1ccc(Cl)cc1,9.77
296,O=Cc1ccccc1O,8.34
297,O=Cc1cccc(O)c1,9.046
298,O=C(O)c1ccccc1,3.99
299,O=Cc1cccc(O)c1O,7.73
300,O=Cc1ccc(O)cc1O,7.1
301,O=Cc1cc(O)ccc1O,8.28
302,O=Cc1c(O)cccc1O,7
303,O=C(O)c1ccccc1O,3.015
304,O=C(O)c1cccc(O)c1,3.96
305,O=C(O)c1ccc(O)cc1,4.36
306,CC1=CC(=O)C=C(O)C1=O,4.04
307,O=C(O)c1cc(O)c(O)c(O)c1,3.13
308,Cc1ccccc1O,10.409
309,Cc1cccc(O)c1,10.165
310,Cc1ccc(O)cc1,10.3
311,Cc1cccc(O)c1O,9.51
312,Cc1ccc(O)c(O)c1,9.67
313,Cc1c(O)cccc1O,9.61
314,Cc1ccc(O)cc1O,9.46
315,Cc1cc(O)cc(O)c1,9.36
316,Cc1cc(O)ccc1O,10.15
317,OCc1ccccc1O,9.91
318,OCc1ccc(O)cc1,9.79
319,COc1cccc(O)c1,9.716
320,COc1ccc(O)cc1,10
321,O=C(O)C1=C(C(=O)O)CCC1,3.36
322,O=C(O)C1=CCC(C(=O)O)C1,4.27
323,O=C(O)C1=CCCC1C(=O)O,4.03
324,O=CC1CCCCC1=O,6.35
325,CC1CCC=C(O)C1=O,11.23
326,CC(=O)C1CCCC1=O,7.82
327,O=C(O)CC1CCCC1=O,4.58
328,O=C(O)CC1CCC(=O)C1,4.64
329,CCC(C(=O)O)=C(C)C(=O)O,3.2
330,O=C(O)CCC1CCOC1=O,4.55
331,CCC(=O)CC(=O)CC,9.55
332,CC(=O)CC(=O)C(C)C,9.42
333,CCC(C(C)=O)C(C)=O,11.33
334,CCC(CC)(C(=O)O)C(=O)O,2.144
335,O=[N+]([O-])c1cc([N+](=O)[O-])c(C([N+](=O)[O-])[N+](=O)[O-])c([N+](=O)[O-])c1,-3.5
336,O=Cc1nc2c(=O)nc[nH]c2[nH]c1=O,5.93
337,O=C(O)c1nc2cnc[nH]c-2nc1=O,1.5
338,O=C(O)c1cc(Cl)cc(Cl)c1O,2.204
339,O=C(O)c1cc(Br)cc(Br)c1O,2.178
340,O=C(O)c1nc2c(=O)[nH]c(=O)[nH]c2[nH]c1=O,2
341,O=C(O)c1nc2[nH]c(=O)[nH]c(=O)c2[nH]c1=O,1.7
342,O=C(O)c1cc([N+](=O)[O-])cc([N+](=O)[O-])c1,2.73
343,O=[N+]([O-])c1ccc(C([N+](=O)[O-])[N+](=O)[O-])c([N+](=O)[O-])c1,0.03
344,O=[N+]([O-])c1cccc([N+](=O)[O-])c1C([N+](=O)[O-])[N+](=O)[O-],-2.7
345,O=C(O)c1ccccc1Cl,3.03
346,O=C(O)c1ccccc1Br,2.88
347,O=C(O)c1ccccc1I,2.93
348,O=C(O)c1cccc(Br)c1O,2.516
349,O=C(O)c1cc(Br)ccc1O,2.638
350,O=C(O)c1ccc(Br)cc1O,2.678
351,O=C(O)c1cccc(I)c1O,2.536
352,O=C(O)c1ccc(I)cc1O,2.761
353,O=C(O)c1cc(I)ccc1O,2.632
354,O=C(O)c1ccccc1[N+](=O)[O-],2.47
355,O=C(O)c1cc(=O)cc(C(=O)O)[nH]1,1.4
356,O=[N+]([O-])c1ccccc1C([N+](=O)[O-])[N+](=O)[O-],0.98
357,Cc1cnc2cnc(=O)[nH]c2n1,9.6
358,Cc1cnc2[nH]cnc(=O)c2n1,8.19
359,Cc1cnc2c(=O)nc[nH]c2n1,8.09
360,Cc1nc2cnc[nH]c-2nc1=O,6.97
361,Cc1cc(Cl)cc(Cl)c1O,8.14
362,Cn1c(=O)[nH]c(=O)c2nccnc21,8.57
363,Cn1c(=O)[nH]c2nccnc2c1=O,8
364,Cc1[nH]c(=O)[nH]c2nc(=O)cnc1-2,6.31
365,Cn1cnc2ncc(=O)[nH]c2c1=O,6.26
366,Cn1cnc2[nH]c(=O)cnc2c1=O,6.19
367,Cc1nc2c(=O)[nH]cnc2[nH]c1=O,6.82
368,Cn1cc(O)nc2c(=O)ncnc1-2,8.67
369,Cn1c(=O)c(O)nc2ncncc21,7.02
370,Cn1c(=O)[nH]c(=O)c2[nH]c(=O)cnc21,5.62
371,Cn1c(=O)[nH]c2ncc(=O)[nH]c2c1=O,5.96
372,Cc1nc2[nH]c(=O)[nH]c(=O)c2[nH]c1=O,6.57
373,Cn1c(=O)[nH]c(=O)c2ncc(=O)[nH]c21,3.31
374,Cn1c(=O)[nH]c2[nH]c(=O)cnc2c1=O,3.6
375,Cc1nc2c(=O)[nH]c(=O)[nH]c2[nH]c1=O,4.13
376,Cn1c(=O)cnc2c(=O)[nH]c(=O)[nH]c21,11.7
377,O=C(NO)c1ccccc1[N+](=O)[O-],1.45
378,O=C(NO)c1ccc([N+](=O)[O-])cc1,1.8
379,Cn1c(=O)[nH]c(=O)c2[nH]c(=O)c(=O)[nH]c21,3.49
380,Cn1c(=O)[nH]c2[nH]c(=O)c(=O)[nH]c2c1=O,4.02
381,Cn1c(=O)c(=O)[nH]c2c(=O)[nH]c(=O)[nH]c21,4.36
382,S=c1[nH]c2ccccc2[nH]1,9.18
383,Cc1cnc2c(=S)nc[nH]c2n1,7.02
384,Cn1c(N)nc(=O)c2nccnc21,2.86
385,Cn1c(N)nc2nccnc2c1=O,2.18
386,CNc1nc(=O)c2nccnc2[nH]1,1.95
387,Cc1ccc(O)c(Cl)c1,8.74
388,Cc1cccc(Cl)c1O,8.69
389,Cc1cc(Cl)ccc1O,9.55
390,Cc1cc(O)ccc1Cl,9.43
391,NC(=O)c1ccccc1O,8.7
392,O=C(NO)c1ccccc1,1.85
393,Cc1nc2c(=O)nc(N)[nH]c2[nH]c1=O,7.98
394,Cn1c(=O)cnc2c(=O)nc(N)[nH]c21,8.1
395,Cn1c(N)nc2[nH]c(=O)cnc2c1=O,7.45
396,Cn1c(=O)cnc2c(=O)[nH]c(N)nc21,8.1
397,COc1ccc(O)c(Br)c1,8.69
398,COc1ccc(O)cc1Br,9.16
399,NC(=O)c1ccc(O)cc1O,7.5
400,NC(=O)c1c(O)cccc1O,7.1
401,Cc1ccc([N+](=O)[O-])c(O)c1,7.466
402,Cn1cc(C(=O)O)ccc1=O,3.84
403,Cn1c(=O)c(=O)[nH]c2c(=O)nc(N)[nH]c21,7.95
404,Cn1c(N)nc2[nH]c(=O)c(=O)[nH]c2c1=O,7.6
405,COc1c(O)cccc1[N+](=O)[O-],7.83
406,COc1cc([N+](=O)[O-])ccc1O,6.63
407,COc1ccc([N+](=O)[O-])cc1O,8
408,COc1cccc([N+](=O)[O-])c1O,6.84
409,COc1cc(O)ccc1[N+](=O)[O-],6.1
410,COc1ccc([N+](=O)[O-])c(O)c1,6.54
411,COc1ccc(O)c([N+](=O)[O-])c1,7.47
412,COc1ccc(O)cc1[N+](=O)[O-],8.68
413,CCc1n[nH]c2nc(N)nc(=O)c-2n1,1.15
414,CC1Nc2c([nH]cnc2=O)NC1=O,8.43
415,Cn1c(=O)c2[nH]cnc2n(C)c1=O,8.68
416,Cn1c(=O)[nH]c2c(ncn2C)c1=O,5.99
417,Cn1cnc2c1c(=O)[nH]c(=O)n2C,10
418,Cn1cnc2c(=O)[nH]c(=O)n(C)c21,10.14
419,Cc1nc2c(=O)[nH]c(=O)[nH]c2n1C,6.2
420,CCn1cnc2c(=O)[nH]c(=O)[nH]c21,6.14
421,Cn1c(=O)c2cn[nH]c2n(C)c1=O,9.26
422,O=S(O)Cc1ccccc1,1.45
423,CNC(=O)c1nc(C=O)c(N)[nH]c1=O,6.01
424,O=c1[nH]c(=O)c2ncn(CCO)c2[nH]1,5.93
425,CSc1ncc2[nH]c(C)nc2n1,-1.03
426,COc1ccc(O)c(N)c1,10.07
427,NC(=O)C(C(N)=O)C1NC(=O)Nc2nn[nH]c21,7.84
428,O=P(O)(O)COc1ccccc1,1.37
429,COC(=O)CCC(CC([N+](=O)[O-])[N+](=O)[O-])([N+](=O)[O-])[N+](=O)[O-],1.13
430,CNc1nc(=O)n(C)cc1C,4.57
431,CONc1cc(=O)n(C)c(=O)n1C,10.58
432,O=C(O)CN(CC(=O)O)C(CO)C(=O)O,2.2
433,O=C(O)CCSCSCCC(=O)O,4.08
434,COCCN(CC(=O)O)CC(=O)O,2.2
435,O=C(O)CN(CC(=O)O)CC(O)CO,3.12
436,O=[N+]([O-])c1c(Br)cc(C([N+](=O)[O-])[N+](=O)[O-])c([N+](=O)[O-])c1Br,-0.86
437,O=[N+]([O-])c1cc(Cl)c(Cl)cc1C([N+](=O)[O-])[N+](=O)[O-],0.36
438,O=[N+]([O-])c1cc(Cl)c(C([N+](=O)[O-])[N+](=O)[O-])c([N+](=O)[O-])c1,-2.32
439,O=[N+]([O-])c1cc(Cl)cc([N+](=O)[O-])c1C([N+](=O)[O-])[N+](=O)[O-],-2.82
440,O=[N+]([O-])c1cc([N+](=O)[O-])c(C([N+](=O)[O-])[N+](=O)[O-])cc1Br,-0.39
441,O=[N+]([O-])c1cc(F)c(C([N+](=O)[O-])[N+](=O)[O-])c([N+](=O)[O-])c1,-1.42
442,O=[N+]([O-])c1ccc(C([N+](=O)[O-])[N+](=O)[O-])c(Cl)c1,0.69
443,O=[N+]([O-])c1ccc(Cl)c(C([N+](=O)[O-])[N+](=O)[O-])c1,0.78
444,O=[N+]([O-])c1ccc(Cl)cc1C([N+](=O)[O-])[N+](=O)[O-],0.55
445,O=[N+]([O-])c1cc(Cl)ccc1C([N+](=O)[O-])[N+](=O)[O-],0.62
446,O=[N+]([O-])c1ccc(Br)cc1C([N+](=O)[O-])[N+](=O)[O-],0.51
447,Cn1c(=O)cnc2c(Cl)ncnc21,12
448,O=C1CNc2nc(Cl)nc(C(=O)O)c2N1,-0.19
449,O=[N+]([O-])C(c1ccccc1Br)[N+](=O)[O-],1.45
450,O=C(NO)c1ccc(Cl)cc1,1.9
451,O=[PH](O)COc1cc(Cl)c(Cl)cc1Cl,0.94
452,O=P(O)(O)COc1cc(Cl)c(Cl)cc1Cl,1.26
453,[Cl-].c1cc2ccsc2c[nH+]1,5.25
454,O=[PH](O)COc1ccc(Cl)cc1Cl,0.98
455,Nc1c(NCC(=O)O)nc(Cl)nc1C(=O)O,3.32
456,O=P(O)(O)COc1ccc(Cl)cc1Cl,1.3
457,O=P(O)(O)COc1c(Cl)cccc1Cl,7.11
458,O=[PH](O)Cc1ccc(Cl)cc1,2.39
459,O=[PH](O)COc1ccc(Cl)cc1,1
460,O=P(O)(O)COc1ccccc1Cl,1.43
461,Cc1ccc(S(N)(=O)=O)cc1,10.17
462,COc1ccc(S(N)(=O)=O)cc1,10.22
463,CSCCN(CC(=O)O)CC(=O)O,2.1
464,Oc1cccc2occc12,9.06
465,O=C(O)c1cccc(C(=O)O)c1,3
466,O=C(O)c1ccc(C(=O)O)cc1,3.5
467,O=C(CO)c1ccccc1,10.06
468,Cc1ccccc1C(=O)O,3.98
469,Cc1cccc(C(=O)O)c1,4.29
470,Cc1ccc(C(=O)O)cc1,4.4
471,O=C(O)C(O)c1ccccc1,2.91
472,O=C(O)COc1ccccc1,3.11
473,Cc1cccc(C(=O)O)c1O,3.026
474,Cc1ccc(C(=O)O)c(O)c1,3.29
475,Cc1ccc(O)c(C(=O)O)c1,3.14
476,Cc1cccc(O)c1C(=O)O,3.53
477,Cc1c(O)cccc1C(=O)O,3.83
478,Cc1ccc(C(=O)O)cc1O,4.32
479,Cc1ccc(O)cc1C(=O)O,3.92
480,Cc1cc(O)ccc1C(=O)O,4.71
481,Cc1cc(C(=O)O)ccc1O,4.68
482,COc1ccccc1C(=O)O,4.13
483,COC(=O)c1ccccc1O,9.87
484,O=C(O)C1=C(C(=O)O)CC=CC1,3.64
485,O=C(O)C1=CC=CCC1C(=O)O,4.08
486,COC(=O)c1cccc(O)c1O,9.1
487,COC(=O)c1ccc(O)cc1O,8.02
488,COC(=O)c1cc(O)ccc1O,9.63
489,COC(=O)c1c(O)cccc1O,8.96
490,COC(=O)c1ccc(O)c(O)c1,8.18
491,COC(=O)c1cc(O)cc(O)c1,8.71
492,CCc1ccccc1O,10.47
493,CCc1cccc(O)c1,10.17
494,CCc1ccc(O)cc1,10.38
495,Cc1cccc(O)c1C,10.57
496,Cc1ccc(O)c(C)c1,10.63
497,Cc1ccc(C)c(O)c1,10.46
498,Cc1cccc(C)c1O,10.65
499,Cc1ccc(O)cc1C,10.43
500,Cc1cc(C)cc(O)c1,10.23
501,CCOc1ccccc1O,10.186
502,CCOc1cccc(O)c1,9.72
503,COc1c(C)cccc1O,9.74
504,COc1cc(C)ccc1O,10.21
505,COc1ccc(C)cc1O,9.93
506,COc1cccc(C)c1O,10.21
507,COc1ccc(C)c(O)c1,9.38
508,COc1ccc(O)c(C)c1,10.21
509,COc1ccc(O)cc1C,10.31
510,OCc1ccc(O)c(CO)c1,9.75
511,COc1cc(O)cc(OC)c1,9.402
512,O=C(O)C1=C(C(=O)O)CCCC1,3.75
513,O=C(O)C1=CCCCC1C(=O)O,4.34
514,O=C(O)C1CC=CCC1C(=O)O,4.17
515,Cc1nc(C)c2[nH]c(C)nc2n1,4.49
516,CC(=O)C1CCCCC1=O,10.09
517,O=C(O)CCC1CCCC1=O,4.71
518,O=C(O)CCCC1CCOC1=O,4.76
519,CCC(C(=O)O)=C(CC)C(=O)O,3.3
520,CC(=O)CC(=O)CC(C)C,8.95
521,CC(=O)C(C)C(=O)C(C)C,11.8
522,CC(=O)CC(=O)C(C)(C)C,10
523,CC(=O)C(C(C)=O)C(C)C,12.85
524,O=C(O)CCCCCCC(=O)O,4.52
525,CC(C)(OC(C)(C)C(=O)O)C(=O)O,3.45
526,O=C(O)COc1ccc(Cl)c(Cl)c1Cl,2.6
527,O=C(O)COc1cc(Cl)c(Cl)cc1Cl,2.85
528,Oc1cccc2sccc12,9.18
529,N#CC(c1ccccc1)[N+](=O)[O-],0.29
530,O=c1[nH]c2ccccc2[nH]c1=O,9.52
531,O=C(O)COc1ccc(Cl)cc1Cl,2.86
532,O=C(O)COc1cc(Cl)ccc1Cl,2.94
533,O=C(O)COc1c(Cl)cccc1Cl,3.3
534,O=C(O)COc1ccc(Cl)c(Cl)c1,2.92
535,O=C1CS(=O)(=O)c2ccccc21,2.88
536,Cn1c(=O)[nH]c(=O)c2nc(C(=O)O)c(=O)[nH]c21,2
537,Cn1c(=O)[nH]c2[nH]c(=O)c(C(=O)O)nc2c1=O,1.8
538,CN1C(=O)CN(C(=O)O)c2c1[nH]c(=O)[nH]c2=O,2.2
539,Cn1c(=O)[nH]c(=O)c2[nH]c(=O)c(C(=O)O)nc21,1.8
540,Cn1c(=O)[nH]c2nc(C(=O)O)c(=O)[nH]c2c1=O,1.9
541,O=[N+]([O-])c1ccc(CC([N+](=O)[O-])[N+](=O)[O-])c([N+](=O)[O-])c1,3.35
542,COc1c(C([N+](=O)[O-])[N+](=O)[O-])cc([N+](=O)[O-])cc1[N+](=O)[O-],1
543,COc1cc(C([N+](=O)[O-])[N+](=O)[O-])c([N+](=O)[O-])cc1[N+](=O)[O-],-0.21
544,Cc1cccc(C(=O)O)c1Cl,3
545,Cc1ccc(C(=O)O)c(Cl)c1,3.27
546,Cc1ccc(Cl)c(C(=O)O)c1,3.12
547,Cc1cccc(Cl)c1C(=O)O,2.75
548,Cc1c(Cl)cccc1C(=O)O,3.43
549,Cc1ccc(C(=O)O)cc1Cl,4.06
550,Cc1ccc(Cl)cc1C(=O)O,3.63
551,Cc1cc(Cl)ccc1C(=O)O,3.75
552,Cc1cc(C(=O)O)ccc1Cl,4.07
553,Cc1cccc(C(=O)O)c1Br,2.9
554,Cc1ccc(C(=O)O)c(Br)c1,3.09
555,Cc1ccc(Br)c(C(=O)O)c1,3
556,Cc1cccc(Br)c1C(=O)O,2.71
557,Cc1c(Br)cccc1C(=O)O,3.36
558,Cc1ccc(C(=O)O)cc1Br,3.96
559,Cc1ccc(Br)cc1C(=O)O,3.58
560,Cc1cc(Br)ccc1C(=O)O,3.77
561,Cc1cc(C(=O)O)ccc1Br,4.03
562,Cc1cccc(C(=O)O)c1I,2.92
563,Cc1ccc(C(=O)O)c(I)c1,3.2
564,Cc1ccc(I)c(C(=O)O)c1,2.95
565,Cc1cccc(I)c1C(=O)O,2.7
566,Cc1c(I)cccc1C(=O)O,3.26
567,Cc1ccc(I)cc1C(=O)O,3.62
568,Cc1cc(I)ccc1C(=O)O,3.79
569,O=C(O)COc1ccccc1Cl,2.96
570,O=C(O)COc1cccc(Cl)c1,2.97
571,O=C(O)COc1ccc(Cl)cc1,2.99
572,Cc1c(C(=O)O)cccc1[N+](=O)[O-],2.98
573,Cc1cc([N+](=O)[O-])ccc1C(=O)O,2.95
574,Cc1ccc([N+](=O)[O-])cc1C(=O)O,3.23
575,Cc1cccc([N+](=O)[O-])c1C(=O)O,2.4
576,Cc1cccc(C(=O)O)c1[N+](=O)[O-],2.91
577,Cc1cc(C(=O)O)ccc1[N+](=O)[O-],3.65
578,Cc1ccc([N+](=O)[O-])c(C(=O)O)c1,2.55
579,Cc1ccc(C(=O)O)c([N+](=O)[O-])c1,2.68
580,Cc1ccc(C(=O)O)cc1[N+](=O)[O-],3.62
581,O=[N+]([O-])c1ccccc1CC([N+](=O)[O-])[N+](=O)[O-],3.89
582,O=[N+]([O-])c1cccc(CC([N+](=O)[O-])[N+](=O)[O-])c1,3.77
583,Cc1nc2cnc(=O)[nH]c2nc1C,7.95
584,Cc1nc2[nH]cnc(=O)c2nc1C,8.39
585,Cc1cc(O)c(Cl)c(C)c1Cl,8.28
586,Cc1cc(Cl)c(C)c(Cl)c1O,8.37
587,Cc1c(Cl)cc(Cl)c(O)c1C,8.45
588,Cc1cc(Cl)c(O)c(Cl)c1C,7.59
589,Cc1nc2cnc(=O)[nH]c2n(C)c1=O,7.41
590,Cc1nc2c(=O)nc[nH]c2n(C)c1=O,7.81
591,O=C(O)C[Se]c1ccccc1,3.75
592,Cn1c(=O)c2[nH]c(=O)cnc2n(C)c1=O,5.83
593,Cc1nc2c([nH]c1=O)c(=O)[nH]c(=O)n2C,6.52
594,Cc1nc2[nH]c(=O)n(C)c(=O)c2[nH]c1=O,6.85
595,Cc1nc2c(=O)[nH]c(=O)n(C)c2[nH]c1=O,3.65
596,Cc1nc2c(=O)n(C)c(=O)[nH]c2[nH]c1=O,4.17
597,Cc1nc2c(=O)[nH]c(=O)[nH]c2n(C)c1=O,4.26
598,Cn1c(=O)c2c(=O)cn[nH]c2n(C)c1=O,8.51
599,O=[N+]([O-])C(Cc1ccccc1)[N+](=O)[O-],4.54
600,O=C(O)CC1Nc2c([nH]cnc2=O)NC1=O,4.49
601,Cn1c(=O)c2[nH]c(=O)c(=O)[nH]c2n(C)c1=O,3.63
602,Cn1c(=O)[nH]c2c([nH]c(=O)c(=O)n2C)c1=O,3.83
603,CN(C)c1nc(=O)c2nccnc2[nH]1,2.26
604,Cc1cc(O)c(Cl)cc1C,8.89
605,Cc1c(O)ccc(Cl)c1C,9.91
606,Cc1cc(Cl)c(C)cc1O,9.89
607,Cc1cc(O)cc(C)c1Cl,9.71
608,CC(=O)Nc1cccc(O)c1,9.49
609,O=C(Cc1ccccc1)NO,9.2
610,Cc1cccc(C(=O)O)c1N,4.92
611,Cc1cccc(N)c1C(=O)O,3.73
612,Cc1c(N)cccc1C(=O)O,3.94
613,Cc1ccc(C(=O)O)cc1N,4.49
614,Cc1ccc(N)cc1C(=O)O,4.16
615,Cc1cc(N)ccc1C(=O)O,5.17
616,Cc1cc(C(=O)O)ccc1N,4.81
617,Cc1nc2c(=O)nc(N)[nH]c2n(C)c1=O,8.4
618,Cc1nc2c(=O)n(C)c(N)nc2[nH]c1=O,8
619,COc1ccc(C(=O)NO)cc1,9
620,Cn1c(N)nc2c([nH]c(=O)c(=O)n2C)c1=O,8.75
621,CCOC(=O)c1nc(C=O)c(N)[nH]c1=O,6.09
622,O=c1nc[nH]c2c1CCCC2,2.69
623,CCc1c(C)nc2nc[nH]n2c1=O,6.84
624,CCCc1cc(=O)n2[nH]cnc2n1,6.31
625,Cc1n[nH]c2c1c(=O)n(C)c(=O)n2C,9.83
626,O=S(O)CCc1ccccc1,1.89
627,S=c1nc[nH]c2c1CCCC2,1.95
628,CSc1nc(C)c2[nH]c(C)nc2n1,-0.6
629,CSc1nc(C)c2[nH]c(SC)nc2n1,-1.36
630,O=C(O)C#CCN1CCCC1,1.76
631,O=C(O)C#CCN1CCOCC1,1.79
632,Cc1cc(O)[nH]c(=O)c1CCO,0.34
633,CC(=O)ONc1cc(=O)n(C)c(=O)n1C,7.01
634,O=C(O)C#CCN1CCNCC1,2.78
635,CCC1(CC)C(=O)NC(=O)NC1=O,8.093
636,CCNc1nc(=O)n(C)cc1C,4.58
637,O=[N+]([O-])C(CN(C1CCCCC1)[N+](=O)[O-])[N+](=O)[O-],3.55
638,CCN1CCCCC1C(=O)O,2.04
639,CC(C)(C)NC(=O)CCC([N+](=O)[O-])[N+](=O)[O-],4.43
640,CC(NCCNC(C)C(=O)O)C(=O)O,6.69
641,CN(CCN(C)CC(=O)O)CC(=O)O,6.047
642,NC(CCCCC(N)C(=O)O)C(=O)O,1.84
643,CCCCP(=O)(O)CCCC,3.39
644,CCCCP(=S)(S)CCCC,1.79
645,O=C1NC(=S)SC1=Cc1ccco1,6.37
646,Cc1nc2c(Cl)ncnc2n(C)c1=O,12.5
647,O=C(O)C[Se]c1ccccc1Cl,3.57
648,O=C(O)C[Se]c1cccc(Cl)c1,3.64
649,O=C(O)C[Se]c1ccc(Cl)cc1,3.68
650,O=C(O)C[Se]c1ccccc1Br,3.58
651,O=C(O)C[Se]c1ccc(Br)cc1,3.7
652,O=C(O)C[Se]c1ccccc1[N+](=O)[O-],3.42
653,O=C(O)C[Se]c1cccc([N+](=O)[O-])c1,3.55
654,O=C(O)C[Se]c1ccc([N+](=O)[O-])cc1,3.43
655,Cc1[nH+]ccc2sccc12.[Cl-],6.17
656,Cc1[nH+]ccc2ccsc12.[Cl-],5.81
657,O=c1[nH]c(Cl)cc2c1CCC2,0.13
658,Cc1nc2cnc(=S)[nH]c2n(C)c1=O,6.15
659,CSc1nc(C)c2[nH]c(=O)n(C)c2n1,2.62
660,CC(=O)Nc1ccc(S(N)(=O)=O)cc1,10.02
661,O=P(O)(O)OCCOc1ccc(Cl)cc1,6.58
662,CCCCOP(=S)(S)OCCCC,1.83
663,CC(C)COP(=S)(S)OCC(C)C,1.79
664,Cc1cc2c(O)cccc2o1,9.31
665,Cc1coc2cccc(O)c12,9.65
666,Cc1cccc(C(=O)O)c1C,3.678
667,Cc1ccc(C(=O)O)c(C)c1,4.178
668,Cc1ccc(C)c(C(=O)O)c1,3.952
669,Cc1cccc(C)c1C(=O)O,3.293
670,Cc1cc(C)cc(C(=O)O)c1,4.3
671,COc1c(C)cccc1C(=O)O,3.84
672,COc1cc(C)ccc1C(=O)O,4.38
673,COc1ccc(C)cc1C(=O)O,4.2
674,COc1cccc(C)c1C(=O)O,3.46
675,COc1cccc(C(=O)O)c1C,3.72
676,COc1cc(C(=O)O)ccc1C,4.13
677,COc1ccc(C)c(C(=O)O)c1,3.84
678,COc1ccc(C(=O)O)c(C)c1,4.54
679,COc1ccc(C(=O)O)cc1C,4.35
680,COC(=O)c1cccc(OC)c1O,10.3
681,COC(=O)c1ccc(OC)cc1O,9.85
682,COC(=O)c1ccc(OC)c(O)c1,9.21
683,COC(=O)c1ccc(O)c(OC)c1,8.3
684,CC(C)c1ccccc1O,10.47
685,CC(C)c1cccc(O)c1,10.16
686,CCCc1ccccc1O,10.58
687,CCCc1ccc(O)cc1,10.34
688,Cc1cc(C)c(C)c(O)c1,10.71
689,Cc1cc(C)c(O)c(C)c1,10.99
690,Cc1cc(O)cc(C)c1C,10.51
691,OCc1cc(CO)c(O)c(CO)c1,9.51
692,O=C(O)CCCC1CCCC1=O,4.86
693,CC(C)C(=O)CC(=O)C(C)C,9.82
694,CCCCCC(=O)CC(C)=O,9.2
695,O=C(O)CCCCCCCC(=O)O,4.55
696,CC(C)C(C(=O)O)(C(=O)O)C(C)C,2.128
697,Cc1c(C#N)cccc1C(=O)O,3.16
698,Cc1ccc(C#N)cc1C(=O)O,3.31
699,Cc1cc(C#N)ccc1C(=O)O,3.14
700,O=c1cc(-c2ccccc2)[nH]o1,4.01
701,N#Cc1cccc(CC([N+](=O)[O-])[N+](=O)[O-])c1,3.88
702,O=C1C=NN(c2ccccc2)C1,9.05
703,O=C1CC=NN1c1ccccc1,6.56
704,Cc1csc2ccc(O)cc12,9.94
705,Cc1csc2cc(O)ccc12,9.7
706,Cc1csc2c(O)cccc12,8.72
707,CCOC(=O)c1nc2cnc[nH]c-2nc1=O,5.53
708,CC(Oc1ccc(Cl)cc1Cl)C(=O)O,2.86
709,O=C(O)CCOc1ccc(Cl)cc1Cl,4.42
710,Cn1c(=O)c2nc(C(=O)O)c(=O)[nH]c2n(C)c1=O,2.1
711,Cc1c(C([N+](=O)[O-])[N+](=O)[O-])cc([N+](=O)[O-])c(C)c1[N+](=O)[O-],0.46
712,COc1nc(NC(C)=O)nc2nccnc12,1.95
713,CC(=O)Nc1ccccc1C(=O)O,3.61
714,Cc1cc(C)c([N+](=O)[O-])cc1C([N+](=O)[O-])[N+](=O)[O-],0.91
715,Cc1nc2cnc(=O)n(C)c2nc1C,11.74
716,Cc1nc2[nH]c(=O)nc(C)c2nc1C,8.5
717,Cc1nc2c(=O)[nH]c(=O)n(C)c2nc1C,9.06
718,Cc1nc2c(=O)[nH]c(=O)nc-2n(C)c1C,9.83
719,CC(=O)CC1NC(=O)Nc2nccnc21,12.38
720,COc1ncc2nc(C)c(=O)n(C)c2n1,13
721,Cc1ccccc1[Se]CC(=O)O,3.76
722,Cc1cccc([Se]CC(=O)O)c1,3.78
723,Cc1ccc([Se]CC(=O)O)cc1,3.83
724,Cc1c(C#N)c(O)nc(O)c1CCO,-1.95
725,Cc1nc2c([nH]c1=O)c(=O)n(C)c(=O)n2C,6.7
726,CCn1c(=O)c(C)nc2c(=O)[nH]c(=O)[nH]c21,4.39
727,Cc1nc2c(=O)n(C)c(=O)n(C)c2[nH]c1=O,3.8
728,Cc1nc2c(=O)n(C)c(=O)[nH]c2n(C)c1=O,4.22
729,COc1ccccc1[Se]CC(=O)O,3.87
730,COc1cccc([Se]CC(=O)O)c1,3.73
731,COc1ccc([Se]CC(=O)O)cc1,3.86
732,CCOc1nc2c(c(C(=O)O)n1)NC(=O)CN2,0.81
733,Cc1nc2c(=O)[nH]c(=O)[nH]c2n(CCO)c1=O,4
734,O=[N+]([O-])C(COCc1ccccc1)[N+](=O)[O-],3.44
735,Cc1nc2cnc(=S)nc-2n(C)c1C,8.8
736,Nc1nc2c(c(C(=O)O)n1)CCCC2,0.61
737,CN(C)c1nc2c(c(C(=O)O)n1)NC(=O)CN2,0.57
738,O=C(O)CN(CC(=O)O)Cc1ccco1,2.17
739,CN1C(=O)NC(=O)C(N(CC(=O)O)CC(=O)O)C1=O,1.85
740,CCOc1nc(NCC(=O)O)c(N)c(C(=O)O)n1,3.6
741,O=c1ccn([C@@H]2O[C@H](CO)[C@@H](O)[C@H]2O)c(=O)[nH]1,9.2
742,Cc1nc(=S)c2c([nH]1)CCCC2,2.35
743,O=C(O)C#CCN1CCCCC1,1.78
744,NC1=NC2=C(CCCC2)C(C(=O)O)N1,2.71
745,CN(C)c1nc(NCC(=O)O)c(N)c(C(=O)O)n1,9.85
746,Nc1ccn([C@@H]2O[C@H](CO)[C@@H](O)[C@H]2O)c(=O)n1,4.09
747,Nc1c(C(=O)O)ncn1[C@@H]1O[C@H](CO)[C@@H](O)[C@H]1O,3
748,O=C(O)CCC(C(=O)O)N(CC(=O)O)CC(=O)O,2.1
749,CC(C)C(C#N)(C(=O)O)C(C)C,2.514
750,CCOC(=O)NCCN(CC(=O)O)CC(=O)O,2.2
751,O=C(O)CN(CO)CCN(CC(=O)O)CC(=O)O,2.39
752,O=c1o[nH]c(-c2ccccc2)c1Br,2.3
753,O=c1[nH]c(Cl)cc2c1CCCC2,-0.28
754,CSc1ccccc1[Se]CC(=O)O,3.8
755,CSc1ccc([Se]CC(=O)O)cc1,3.83
756,CCOP(=O)(O)COc1cc(Cl)c(Cl)cc1Cl,0.86
757,Cc1cc2c(C)[nH+]ccc2s1.[Cl-],6.43
758,Cc1cc2sccc2c(C)[nH+]1.[Cl-],6.75
759,CCOP(=O)(O)COc1ccc(Cl)cc1Cl,0.92
760,CCCCn1c(=S)[nH]c2c[nH]c(=O)nc21,6.9
761,CCOP(=O)(O)COc1ccccc1Cl,0.96
762,CCOP(=O)(O)COc1ccc(Cl)cc1,0.93
763,Oc1ccc2ccccc2c1,9.97
764,CC1C(=O)c2ccccc2C1=O,6.15
765,Oc1ccc(O)c2ccccc12,9.47
766,Oc1cccc2cccc(O)c12,6.71
767,Oc1cc2ccccc2cc1O,8.68
768,Cc1oc2cccc(O)c2c1C,9.93
769,Cc1cc2c(O)ccc(C)c2o1,9.6
770,Cc1oc2ccc(O)cc2c1C,10.52
771,Cc1oc2cc(O)ccc2c1C,9.95
772,Cc1oc2c(O)cccc2c1C,9.07
773,O=C(O)c1ccccc1C1CC1,4.13
774,O=C(O)c1ccc(C2CC2)cc1,4.52
775,CC(=O)CC(=O)c1ccccc1,8.68
776,CC(C)c1ccc(C(=O)O)cc1,4.31
777,Cc1cc(C)c(C(=O)O)c(C)c1,3.394
778,Cc1ccc(OCC(=O)O)c(C)c1,3.22
779,CCOc1cccc(C)c1C(=O)O,3.51
780,CCOc1cccc(C(=O)O)c1C,3.73
781,CCOc1ccc(C)c(C(=O)O)c1,3.86
782,CCOc1ccc(C(=O)O)c(C)c1,4.54
783,CCC(=O)c1c(O)oc(CC)cc1=O,5.38
784,COc1cc(C(=O)O)cc(OC)c1OC,4.19
785,CCCCc1ccccc1O,10.58
786,CC(C)(C)c1ccccc1O,10.691
787,CC(C)(C)c1cccc(O)c1,10.194
788,CC(C)(C)c1ccc(O)cc1,10.25
789,Cc1cccc(O)c1C(C)C,11.23
790,Cc1ccc(O)c(C(C)C)c1,10.73
791,Cc1ccc(C(C)C)c(O)c1,10.62
792,Cc1cccc(C(C)C)c1O,10.85
793,Cc1cc(C(C)C)ccc1O,10.56
794,Cc1cc(O)ccc1C(C)C,10.31
795,CCOc1cc(O)cc(OCC)c1,9.431
796,O=C(O)CCCCCCCCC(=O)O,4.6
797,CCC(C)(OC(C)(CC)C(=O)O)C(=O)O,3.7
798,O=C1c2ccccc2C(=O)N1CC([N+](=O)[O-])[N+](=O)[O-],3.17
799,O=C(O)c1ccn(-c2ccccc2)n1,3.6
800,O=C(O)c1ccnn1-c1ccccc1,2.7
801,ON=Cc1ccc2cccc(O)c2n1,1.56
802,O=C(O)Cc1c[nH]c2ccccc12,4.54
803,Cc1c(-c2ccccc2)[nH]oc1=O,4.73
804,O=C1CC(c2ccccc2)C(=O)N1,8.73
805,CC1=NOC(=O)C1=NNc1ccccc1,6.7
806,O=C(O)CC(C(=O)O)c1ccc([N+](=O)[O-])cc1,3.51
807,CC1=NN(c2ccccc2)C(=O)C1,7.16
808,CC1=NNC(=O)C1=NNc1ccccc1,8.7
809,CCc1cc2c(O)cccc2s1,9.32
810,CCc1ccc(O)c2ccsc12,9.41
811,Cc1sc2ccc(O)cc2c1C,10.03
812,Cc1csc2c(C)cc(O)cc12,10.09
813,Cc1sc2cc(O)ccc2c1C,9.84
814,Cc1sc2c(O)cccc2c1C,8.8
815,CCOC(=O)c1nc2c(C)nc[nH]c-2nc1=O,5.74
816,CCOC(=O)Cc1nc2c(=O)[nH]cnc2[nH]c1=O,6.23
817,O=C(CCC([N+](=O)[O-])[N+](=O)[O-])c1ccccc1,4.45
818,Cn1c(=O)c2nc(C(=O)O)c(=O)n(C)c2n(C)c1=O,2.82
819,COc1nc2c(nc1C(=O)O)c(=O)n(C)c(=O)n2C,2.5
820,CC(=O)CC(=O)Nc1ccccc1,10.68
821,CC(=O)Nc1c(C)cccc1C(=O)O,4.05
822,CC(=O)Nc1cc(C)ccc1C(=O)O,3.73
823,CC(=O)Nc1ccc(C)cc1C(=O)O,3.73
824,CC(=O)Nc1cccc(C)c1C(=O)O,3.28
825,CC(=O)Nc1cccc(C(=O)O)c1C,3.55
826,CC(=O)Nc1ccc(C)c(C(=O)O)c1,3.82
827,CC(=O)Nc1ccc(C(=O)O)c(C)c1,4.12
828,O=C(O)CN(CC(=O)O)c1ccccc1,2.4
829,CC(Nc1ccccc1C(=O)O)C(=O)O,3.12
830,O=C(O)C[As](CC(=O)O)c1ccccc1,3.6
831,O=C(O)CN(CC(=O)O)c1ccccc1O,2.98
832,CCOc1ccccc1[Se]CC(=O)O,3.9
833,CCOc1ccc([Se]CC(=O)O)cc1,3.86
834,O=C(O)CN(CC(=O)O)Cc1ccccn1,2.85
835,Cc1cc(O)c(C(C)C)cc1Cl,9.98
836,CN1C(=O)CC(O)(N(CC(=O)O)CC(=O)O)N(C)C1=O,2.05
837,O=S(O)CCCCc1ccccc1,2.23
838,C[Si](C)(C)c1cccc(C(=O)O)c1,4.121
839,C[Si](C)(C)c1ccc(C(=O)O)cc1,4.229
840,Nc1c(C(=O)O)ncn1C1CCCCC1,3.18
841,O=C(O)CN(CC(=O)O)C1(C(=O)O)CCCC1,1.61
842,CCOC(=O)NCc1c(NC(=O)OCC)nnn1C,12.94
843,O=C(O)CN(CC(=O)O)C1CCCCC1O,2.32
844,O=C(O)CN(CC(=O)O)CC1CCCCO1,1.88
845,CCCCCCCCCC([N+](=O)[O-])[N+](=O)[O-],5.48
846,O=C1NC(=S)SC1=Cc1ccccc1,7.58
847,CC1=NOC(=O)C1=NNc1ccccc1Cl,6.5
848,CC1=NOC(=O)C1=NNc1cccc(Cl)c1,6.6
849,CC1=NOC(=O)C1=NNc1ccc(Cl)cc1,6.6
850,O=C(O)CN(CC(=O)O)c1ccccc1S,2.85
851,Cc1cc2sc(C)cc2c(C)[nH+]1.[Cl-],6.77
852,O=C(O)c1cccc2ccccc12,3.55
853,O=C(O)c1ccc2ccccc2c1,1.166
854,CCc1oc2cccc(O)c2c1C,9.89
855,CCc1ccc(O)c2cc(C)oc12,9.61
856,Cc1oc2c(O)ccc(C)c2c1C,9.37
857,Cc1cc(O)c2oc(C)c(C)c2c1,9.11
858,O=C(O)c1ccc(C2CCC2)cc1,4.35
859,CC(=O)C(C)C(=O)c1ccccc1,11.13
860,CC(=O)C(C(C)=O)c1ccccc1,9.32
861,CCOC(=O)CC(=O)c1ccccc1,10.53
862,CC(CC(=O)O)(C(=O)O)c1ccccc1,3.58
863,CC(C)(C)c1cccc(C(=O)O)c1,6.23
864,CC(C)(C)c1ccc(C(=O)O)cc1,4.433
865,Cc1cc(C)c(C)c(C(=O)O)c1C,3.365
866,O=C(O)CCCCc1ccccc1,4.88
867,CCCCc1ccc(O)c(C)c1,10.69
868,Cc1ccc(O)c(C(C)(C)C)c1,11.72
869,Cc1cccc(C(C)(C)C)c1O,10.96
870,Cc1cc(C(C)(C)C)ccc1O,10.59
871,Cc1cc(C)c(C(C)C)cc1O,10.76
872,Cc1cc(C)c(O)c(C(C)C)c1,11.18
873,Cc1cc(C(C)C)cc(C)c1O,10.9
874,Cc1cc(O)c(C(C)C)cc1C,10.79
875,CCC(C)C(=O)CC(=O)C(C)(C)C,11.57
876,O=c1[nH]c2cc3ccccc3cc2[nH]1,11.62
877,Nc1nc2[nH]nc(-c3ccccc3)nc-2c(=O)n1,1
878,S=c1[nH]c2cc3ccccc3cc2[nH]1,9.84
879,O=C(NO)c1cccc2ccccc12,7.7
880,O=c1nc(Cc2ccccc2)[nH]c(O)c1[N+](=O)[O-],3.49
881,O=c1cc(O)[nH]c(Cc2ccccc2)n1,5.78
882,NC(=O)C1C(=O)NC(=O)C1c1ccccc1,7.62
883,CC1(c2ccc([N+](=O)[O-])cc2)CC(=O)NC1=O,8.48
884,CC1(c2ccccc2)CC(=O)NC1=O,8.8
885,CCOC(=O)CC(=O)c1ccc(Cl)cc1,10.17
886,CCOC(=O)CC(=O)c1ccc(Br)cc1,10.14
887,CCOC(=O)CC(=O)c1ccc([N+](=O)[O-])cc1,9.13
888,O=C(O)CN(CC(=O)O)c1ccccc1C(=O)O,2.33
889,CC(CC(=O)O)(C(=O)O)c1ccc([N+](=O)[O-])cc1,3.28
890,COC(=O)CC(C(=O)O)c1ccc([N+](=O)[O-])cc1,3.69
891,COC(=O)C(CC(=O)O)c1ccc([N+](=O)[O-])cc1,4.07
892,O=c1[nH]c2ccc3c(c2[nH]1)CCCC3,13
893,O=c1[nH]c2cc3c(cc2[nH]1)CCCC3,12.21
894,CC(=O)C(C(C)=O)C1NC(=O)Nc2nccnc21,8.02
895,CCOC(=O)c1n[nH]c2c(c1=O)c(=O)n(C)c(=O)n2C,7.32
896,O=C(O)CN(CC(=O)O)Cc1cc([N+](=O)[O-])ccc1O,2.4
897,S=c1[nH]c2cc3c(cc2[nH]1)CCCC3,10.43
898,COc1ccccc1N(CC(=O)O)CC(=O)O,2.69
899,CCc1cn([C@@H]2O[C@H](CO)[C@@H](O)[C@H]2O)c(=O)[nH]c1=O,9.86
900,O=C(O)CN(CC(=O)O)C1(C(=O)O)CCCCC1,1.63
901,CCC1(CCC(C)C)C(=O)NC(=O)NC1=O,8.027
902,O=C(O)CN(CCCN(CC(=O)O)CC(=O)O)CC(=O)O,2
903,O=c1cc(-c2ccccc2)cc(Cl)[nH]1,-0.1
904,COc1ccc(C=C2SC(=S)NC2=O)cc1,7.76
905,O=[N+]([O-])c1ccc(Nc2ccc(S(=O)(=O)O)cc2)nc1,14.21
906,Oc1ccccc1-c1ccccc1,10.01
907,O=C(O)Cc1cccc2ccccc12,4.22
908,Oc1ccccc1-c1ccccc1O,7.56
909,Cc1ccc2ccccc2c1C(=O)O,2.854
910,Oc1ccc(-c2ccc(O)cc2O)c(O)c1,7.44
911,CCOC(=O)CC(=O)c1ccc(C)cc1,10.73
912,CC(CC(=O)O)(Cc1ccccc1)C(=O)O,4.14
913,CCC(CC(=O)O)(C(=O)O)c1ccccc1,3.47
914,COC(=O)C(C)(CC(=O)O)c1ccccc1,4.46
915,COC(=O)CC(C)(C(=O)O)c1ccccc1,4.15
916,CCOC(=O)CC(=O)c1ccc(OC)cc1,11.12
917,CCCC(=O)c1c(O)oc(CCC)cc1=O,5.47
918,CCCCc1cc(C)c(O)cc1C,10.74
919,Cc1cc(C)c(O)c(C(C)(C)C)c1,12.04
920,CC(C)c1cccc(C(C)C)c1O,11.1
921,CCCc1ccc(O)c(CCC)c1,10.91
922,CCCc1cccc(CCC)c1O,11.25
923,CCc1c(O)ccc(C(C)C)c1C,10.85
924,CCc1cc(C(C)C)c(O)cc1C,10.01
925,CCCCCCc1ccccc1O,10.66
926,O=C(O)C1(OC2(C(=O)O)CCCC2)CCCC1,3.3
927,CCCCCCCCCCCC(=O)O,5.3
928,O=c1cnc2c(=O)[nH]c(=O)n(-c3ccccc3)c2[nH]1,2.95
929,CC1(c2ccccc2)C(=O)NC(=O)C1C#N,6.2
930,O=c1[nH]c(=O)c2ncn(Cc3ccccc3)c2[nH]1,5.81
931,S=P(S)(c1ccccc1)c1ccccc1,1.75
932,CCC1(c2ccccc2)C(=O)NC(=O)NC1=O,7.516
933,CC1(c2ccccc2)C(=O)NC(=O)C1C(N)=O,7.69
934,CC1(Cc2ccccc2)CC(=O)NC1=O,9.3
935,CCC1(c2ccccc2)CC(=O)NC1=O,8.76
936,O=C(O)CCC(NC(=O)c1ccccc1)C(=O)O,3.49
937,O=C(O)CN(CC(=O)O)C(C(=O)O)c1ccccc1,1.45
938,CCC(CC(=O)O)(C(=O)O)c1ccc([N+](=O)[O-])cc1,3.3
939,COC(=O)C(C)(CC(=O)O)c1ccc([N+](=O)[O-])cc1,4.27
940,COC(=O)CC(C)(C(=O)O)c1ccc([N+](=O)[O-])cc1,3.7
941,CC(CC(=O)O)(Cc1ccc([N+](=O)[O-])cc1)C(=O)O,4.01
942,CCc1cc2c(O)ccc(CC)c2s1,9.56
943,CCc1ccc(O)c2sc(C)c(C)c12,8.99
944,Cn1c(=S)[nH]c2cc3c(cc21)CCCC3,10.78
945,CN1C(=O)NC(=O)C(C)(C2=CCCCC2)C1=O,8.435
946,CCNc1nc(=O)n([C@H]2C[C@H](O)[C@@H](CO)O2)cc1C,4.05
947,Cc1cn([C@H]2C[C@H](O)[C@@H](CO)O2)c(=O)nc1N(C)C,3.92
948,O=C(O)CN(CC(=O)O)C1(C(=O)O)CCCCCC1,1.6
949,O=C(O)CN(CCCCN(CC(=O)O)CC(=O)O)CC(=O)O,1.9
950,O=C1NC(=S)SC1=C/C=C/c1ccccc1,7.68
951,S=P(S)(c1ccc(Cl)cc1)c1ccc(Cl)cc1,1.79
952,O=[N+]([O-])c1cccc(S(=O)(=O)Nc2ccccc2)c1,7.5
953,O=[N+]([O-])c1ccc(S(=O)(=O)Nc2ccccc2)cc1,7.42
954,O=[N+]([O-])c1cccc(NS(=O)(=O)c2ccccc2)c1,6.94
955,O=[N+]([O-])c1ccc(NS(=O)(=O)c2ccccc2)cc1,6.2
956,O=S(=O)(Nc1ccccc1)c1ccccc1,8.31
957,S=P(S)(Oc1ccccc1)Oc1ccccc1,1.81
958,O=P(S)(Oc1ccccc1)Oc1ccccc1,1.5
959,CN(C)c1ccc(C=C2SC(=S)NC2=O)cc1,8.2
960,Nc1ccc(NS(=O)(=O)c2ccccc2)cc1,9.05
961,O=C(O)CN(CC(=O)O)C(C(=O)O)c1ccc(Cl)cc1,1.55
962,O=C(O)CN(CCSSCCN(CC(=O)O)CC(=O)O)CC(=O)O,2
963,OP(=S)(c1ccc(Cl)cc1)c1ccc(Cl)cc1,1.6
964,O=S(=O)(Nc1ccccc1)c1ccc(Cl)cc1,7.98
965,O=S(=O)(Nc1ccc(Cl)cc1)c1ccccc1,7.93
966,Cc1cc2ccccc2c(C(=O)O)c1C,2.629
967,COc1ccccc1-c1ccccc1O,10.4
968,CCc1ccc(O)c2c(CC)c(C)oc12,9.94
969,COC(=O)CC(C)(Cc1ccccc1)C(=O)O,4.65
970,CCC(CC(=O)OC)(C(=O)O)c1ccccc1,4.18
971,CCC(CC(=O)O)(C(=O)OC)c1ccccc1,4.46
972,O=C(O)CCCCCCc1ccccc1,5.07
973,Cn1c(=O)c2ncc(=O)[nH]c2n(-c2ccccc2)c1=O,3.49
974,O=C(Nc1ccccc1O)c1ccccc1,7.5
975,O=C(Nc1ccccc1)c1ccc(O)cc1O,6.8
976,O=C(Nc1ccccc1)c1c(O)cccc1O,6.3
977,CC1(Cc2ccccc2)C(=O)NC(=O)C1C#N,6.69
978,CCC1(c2ccccc2)C(=O)NC(=O)C1C#N,5.97
979,CC(C(=O)O)(c1ccccc1)N(CC(=O)O)CC(=O)O,1.46
980,CCN(CC(=O)O)C(C(=O)O)c1ccc(C)cc1,1.45
981,CCC(CC(=O)OC)(Cc1ccc([N+](=O)[O-])cc1)C(=O)O,3.7
982,COC(=O)CC(C)(Cc1ccc([N+](=O)[O-])cc1)C(=O)O,4.4
983,COC(=O)C(C)(CC(=O)O)Cc1ccc([N+](=O)[O-])cc1,4.45
984,CCC(CC(=O)O)(C(=O)OC)c1ccc([N+](=O)[O-])cc1,4.29
985,O=C(O)CN(CCCCCN(CC(=O)O)CC(=O)O)CC(=O)O,2.3
986,CN(CCN(CC(=O)O)CC(=O)O)CCN(CC(=O)O)CC(=O)O,2.8
987,Oc1c(N=Nc2nccs2)ccc2ccccc12,0.88
988,Cc1ccc(S(=O)(=O)Nc2ccccc2)cc1,8.46
989,Cc1ccc(NS(=O)(=O)c2ccccc2)cc1,8.64
990,COc1ccc(S(=O)(=O)Nc2ccccc2)cc1,8.66
991,COc1ccc(NS(=O)(=O)c2ccccc2)cc1,8.7
992,CC1=C(c2c(C)cc(O)cc2O)C(=O)C=C(O)C1=O,4.37
993,CC(C)(C)c1ccc(O)c(C(C)(C)C)c1,11.72
994,CC(C)(C)c1cc(O)cc(C(C)(C)C)c1,10.359
995,CCCCCCCCCCCCCC(=O)O,6.3
996,N#CC1C(=O)NC(=O)C12CCCc1ccccc12,6.3
997,Cc1nc2c(=O)[nH]c(=O)[nH]c2n(Cc2ccccc2)c1=O,3.67
998,O=[N+]([O-])C(C(c1ccccc1)c1ccccc1)[N+](=O)[O-],4.97
999,O=P(O)(OCc1ccccc1)OCc1ccccc1,0.7
1000,Cc1ccc(P(=S)(S)c2ccc(C)cc2)cc1,1.81
1001,CC1(C)CC(=O)C(C2NC=Nc3nccnc32)C(=O)C1,3.55
1002,O=C(O)CN(CCN(CC(=O)O)CC(=O)O)CCN(CC(=O)O)CC(=O)O,1.8
1003,O=C(O)CN(CCCCCCN(CC(=O)O)CC(=O)O)CC(=O)O,2.2
1004,O=C(O)CN(CCCOCCCN(CC(=O)O)CC(=O)O)CC(=O)O,2.1
1005,O=C(O)CN(CCOCCOCCN(CC(=O)O)CC(=O)O)CC(=O)O,2
1006,CC(=O)c1ccc(NS(=O)(=O)c2ccccc2)cc1,6.94
1007,O=C(O)CN(CCSCCSCCN(CC(=O)O)CC(=O)O)CC(=O)O,1.9
1008,O=C1c2ccccc2C(=O)C1c1ccccc1,4.13
1009,CCCc1cc(CCC)c(O)c(CCC)c1,11.59
1010,O=C1c2ccccc2C(=O)C1c1ccccc1Cl,4.11
1011,O=C1c2ccccc2C(=O)C1c1cccc(Cl)c1,3.51
1012,O=C1c2ccccc2C(=O)C1c1ccc(Cl)cc1,3.72
1013,O=C1c2ccccc2C(=O)C1c1ccc(Br)cc1,3.54
1014,O=C1c2ccccc2C(=O)C1c1ccc([N+](=O)[O-])cc1,2.39
1015,CC1(c2ccc3ccccc3c2)CC(=O)NC1=O,8.73
1016,CC1=Nc2nccnc2C(C2C(=O)CC(C)(C)CC2=O)N1,3.59
1017,CCCCCCc1cn([C@@H]2O[C@H](CO)[C@@H](O)[C@H]2O)c(=O)[nH]c1=O,9.76
1018,C(=Cc1[nH+]ccc2ccsc12)c1ccccc1.[Cl-],2.8
1019,Oc1ccccc1-c1cc2ccccc2cc1O,7.55
1020,COc1ccccc1C1C(=O)c2ccccc2C1=O,5.61
1021,COc1cccc(C2C(=O)c3ccccc3C2=O)c1,3.98
1022,COc1ccc(C2C(=O)c3ccccc3C2=O)cc1,4.25
1023,O=C(O)C(O)C(C(=O)O)(c1ccccc1)c1ccccc1,2.22
1024,O=C1NC(=O)C(c2ccccc2)(c2ccccc2)C1=O,5.5
1025,CC1(c2cccc3ccccc23)C(=O)NC(=O)C1C#N,6.2
1026,CC1(c2ccc3ccccc3c2)C(=O)NC(=O)C1C#N,6.25
1027,O=C1CC(c2ccccc2)(c2ccccc2)C(=O)N1,8.25
1028,O=C1NC(=O)C(c2ccccc2)(c2ccccc2)C1O,7.65
1029,CC1=NN(c2ccccc2)C(=O)C1=NNc1ccccc1,8.9
1030,CC1(c2cccc3ccccc23)C(=O)NC(=O)C1C(N)=O,7.6
1031,CC1(c2ccc3ccccc3c2)C(=O)NC(=O)C1C(N)=O,7.7
1032,Cc1ccccc1C(c1ccccc1C)C([N+](=O)[O-])[N+](=O)[O-],5.8
1033,Cc1nc2c(nc1C)C(C1C(=O)CC(C)(C)CC1=O)NC=N2,3.62
1034,O=C(O)CN(CCCCCCCCN(CC(=O)O)CC(=O)O)CC(=O)O,2
1035,O=C(O)CN(CCCCOCCCCN(CC(=O)O)CC(=O)O)CC(=O)O,2.1
1036,CN(CCN(C)CCN(CC(=O)O)CC(=O)O)CCN(CC(=O)O)CC(=O)O,3.05
1037,O=[N+]([O-])c1cccc(N=Nc2ccc(O)c3ccc(S(=O)(=O)O)cc23)c1,7.47
1038,O=[N+]([O-])c1ccc(N=Nc2ccc(O)c3ccc(S(=O)(=O)O)cc23)cc1,8.08
1039,O=S(=O)(O)c1ccc2c(O)ccc(N=Nc3ccccc3)c2c1,7.3
1040,O=S(=O)(O)c1ccc2c(O)ccc(N=Nc3cccc(Cl)c3)c2c1,7.49
1041,O=S(=O)(O)c1ccc2c(O)ccc(N=Nc3ccc(Cl)cc3)c2c1,7.4
1042,O=C(c1ccc(C(=O)O)c(C(=O)O)c1)c1ccc(C(=O)O)c(C(=O)O)c1,2.12
1043,N#CC1C(=O)NC(=O)C1(c1ccccc1)c1ccccc1,5.18
1044,CC(=O)Nc1ccc(C2C(=O)c3ccccc3C2=O)cc1,3.82
1045,O=C(O)C1C(=O)NC(=O)C1(c1ccccc1)c1ccccc1,2.85
1046,O=C1CC(Cc2ccccc2)(c2ccccc2)C(=O)N1,8.4
1047,N#Cc1ccc(N=Nc2ccc(O)c3ccc(S(=O)(=O)O)cc23)cc1,7.81
1048,Cc1ccc(N=Nc2ccc(O)c3ccc(S(=O)(=O)O)cc23)cc1,7.3
1049,COc1cccc(N=Nc2ccc(O)c3ccc(S(=O)(=O)O)cc23)c1,7.45
1050,COc1ccc(N=Nc2ccc(O)c3ccc(S(=O)(=O)O)cc23)cc1,7.3
1051,N#CC1C(=O)NC(=O)C1(Cc1ccccc1)c1ccccc1,5.38
1052,NC(=O)C1C(=O)NC(=O)C1(Cc1ccccc1)c1ccccc1,7.58
1053,O=C1CC(Cc2ccccc2)(Cc2ccccc2)C(=O)N1,8.9
1054,C[N+](C)(C)c1ccc(C2C(=O)c3ccccc3C2=O)cc1,2.66
1055,CC(=O)c1cccc(N=Nc2ccc(O)c3ccc(S(=O)(=O)O)cc23)c1,7.48
1056,CC(=O)c1ccc(N=Nc2ccc(O)c3ccc(S(=O)(=O)O)cc23)cc1,7.94
1057,O=C1c2ccccc2C(=O)C1c1cccc2ccccc12,3.74
1058,O=C1c2ccccc2C(=O)C1c1ccc2ccccc2c1,3.74
1059,N#CC1C(=O)NC(=O)C1(Cc1ccccc1)Cc1ccccc1,5.8
1060,O=C(O)C1C(=O)NC(=O)C1(Cc1ccccc1)Cc1ccccc1,3.09
1061,CC(C)c1ccc2c(c1)CC[C@@H]1[C@]2(C)CCC[C@@]1(C)C(=O)O,5.7
1062,CC(C)C1=CC2=CC[C@H]3[C@](C)(C(=O)O)CCC[C@]3(C)[C@H]2CC1,6.4
1063,C[C@H](CCC(=O)O)[C@H]1CC[C@H]2[C@@H]3CC[C@@H]4C[C@H](O)CC[C@]4(C)[C@H]3C[C@H](O)[C@@]21C,5.15
1064,C[C@H](CCC(=O)O)[C@H]1CC[C@H]2[C@H]3[C@H](C[C@H](O)[C@@]21C)[C@@]1(C)CC[C@@H](O)C[C@H]1C[C@H]3O,4.98
1065,CC(=O)N(O)CCCCCNC(=O)CCC(=O)N(O)CCCCCNC(=O)CCC(=O)N(O)CCCCCN,8.39
1066,O=C1CCC(=O)N(O)CCCCCNC(=O)CCC(=O)N(O)CCCCCNC(=O)CCC(=O)N(O)CCCCCN1,8.65
1067,Oc1cc(Cl)c(O)c(Cl)c1,7.34
1068,CCOC(=O)C(C(C)=O)c1ccccc1,10.55
1069,COC(=O)CC(C)=O,10.72
1070,CC(N=O)=NO,5.8
1071,CC(=NO)[N+](=O)[O-],7.4
1072,CC(=O)OP(=O)(O)O,1.2
1073,CC(C)NC(=S)S,2.91
1074,CCCCNC(=S)S,2.9
1075,O=C(O)CCN(CCC(=O)O)[N+](=O)[O-],3.78
1076,CCN(CC(=O)O)CC(=O)O,2.55
1077,S=C(S)NC1CCCC1,3
1078,CC(C)CCNC(=S)S,2.91
1079,O=C(O)CCC(CCC(=O)O)([N+](=O)[O-])[N+](=O)[O-],3.52
1080,O=C(O)CCC(CCC(=O)O)[N+](=O)[O-],4
1081,S=C(S)NC1CCCCC1,2.68
1082,CCCCCCNC(=S)S,3.34
1083,S=C(S)NCc1ccccc1,3.13
1084,CC(CCC(=O)O)(CCC(=O)O)[N+](=O)[O-],3.9
1085,CCCCCCCNC(=S)S,3.29
1086,CCCCCC(N)CNC(=S)S,2.95
1087,CCCCC(CC)CNC(=S)S,3.3
1088,Oc1cccc2ccccc12,9.34
1089,CCCC(=O)OO,8.2
1090,COP(=O)(O)O,1.52
1091,O=C1NC(C(=O)O)CS1,3.32
1092,NC1=NC(C(=O)O)CS1,2.93
1093,CNc1cc[nH]c(=O)n1,4.4
1094,NCC(=O)CCC(=O)O,4.05
1095,Oc1ccc(O)c(Br)c1,8.67
1096,CN(C)c1cc[nH]c(=O)n1,4.15
1097,CNc1ccn(C)c(=O)n1,4.4
1098,CCOC(=O)C(N)C(C)=O,5.2
1099,O=C(O)c1cccc(Cl)c1Cl,2.67
1100,O=C(O)c1cc(Cl)cc(Cl)c1,3.54
1101,Cc1cnc2[nH]c(N)nc(=O)c2n1,2.8
1102,CC1=Nc2c([nH]c(N)nc2=O)NC1,3.2
1103,CN(C)c1ccn(C)c(=O)n1,4.2
1104,CC1CNc2[nH]c(N)nc(=O)c2N1,5.4
1105,CC1(C)CCN=C2c3nc[nH]c3N=CN21,7.1
1106,CC1(C)CCN2C=Nc3[nH]cnc3C2=N1,7.4
1107,CC(C)(O)CCNc1ncnc2nc[nH]c12,4.96
1108,CNc1ccn([C@@H]2O[C@H](CO)[C@@H](O)[C@H]2O)c(=O)n1,3.85
1109,CCOC(=O)CCC(=O)C(N)C(=O)OCC,5.82
1110,CC(=O)C(Cl)C(=O)Nc1ccccc1,8.4
1111,CC(=O)C(C#N)C(=O)Nc1ccccc1,3.4
1112,CC(=O)C(C)C(=O)Nc1ccccc1,12.4
1113,O=C(O)CN(CCO)c1ccccc1C(=O)O,2.41
1114,CNc1ncnc2c1ncn2[C@@H]1O[C@H](CO)[C@@H](O)[C@H]1O,4.01
1115,CN(C)c1ccn([C@@H]2O[C@H](CO)[C@@H](O)[C@H]2O)c(=O)n1,3.7
1116,O=C(O)CNc1cc(C(=O)O)c(NCC(=O)O)cc1C(=O)O,2.8
1117,CC(=O)C(C(C)=O)C(=O)Nc1ccccc1,6.81
1118,CCC(C(C)=O)C(=O)Nc1ccccc1,12.93
1119,O=C(O)c1cc(NCCO)c(C(=O)O)cc1NCCO,3.77
1120,CN(C)c1ncnc2c1ncn2[C@@H]1O[C@H](CO)[C@@H](O)[C@H]1O,4.5
1121,NC(C(=O)CCC(=O)O)C(=O)OCc1ccccc1,4.15
1122,CCCCC(C(C)=O)C(=O)Nc1ccccc1,12.93
1123,O=C(O)c1cc(N(CCO)CCO)c(C(=O)O)cc1NCCO,3.65
1124,CC(=O)NC(C(=O)CCC(=O)O)C(=O)OCc1ccccc1,4.35
1125,CC(C)=CCNc1ncnc2c1ncn2[C@@H]1O[C@H](CO)[C@@H](O)[C@H]1O,3.76
1126,CC(=O)C(C(=O)Nc1ccccc1)c1ccccc1,10
1127,O=C(O)CN(CCO)c1cc(C(=O)O)c(N(CCO)CC(=O)O)cc1C(=O)O,1.95
1128,CC(=O)C(Cc1ccccc1)C(=O)Nc1ccccc1,11.89
1129,CC(=O)C(CCc1ccccc1)C(=O)Nc1ccccc1,12.25
1130,CC(C)OP(=O)(O)O,1.75
1131,NCCS,8.35
1132,CCC(=O)OO,8.1
1133,C/C=C\C(=O)O,4.44
1134,C/C=C/C(=O)O,4.7
1135,C=CCC(=O)O,4.37
1136,CCCC(=O)O,4.8
1137,C=CC(Cl)C(=O)O,2.55
1138,Sc1ccccc1,6.62
1139,Oc1ccc(O)c(Cl)c1,8.81
1140,Cc1ccc(S)cc1,6.52
1141,CCOC(=O)C(CC)C(C)=O,13
1142,O=C(O)C[N+](=O)[O-],1.48
1143,Cc1[nH]c(=O)n(Cc2ccccc2)c(=O)c1[N+](=O)[O-],6.47
1144,Oc1ccc(Br)cc1,9.366
1145,O=c1c(O)cocc1O,7.68
1146,CCCCN(CCN(CC(=O)O)CC(=O)O)CC(=O)O,1.8
1147,O=C(O)CN(CCN(CC(=O)O)C1CCCCC1)CC(=O)O,1.6
1148,O=C(O)CN(CCN(CC(=O)O)Cc1ccccc1)CC(=O)O,1.9
1149,CCCCCCCCN(CCN(CC(=O)O)CC(=O)O)CC(=O)O,1.9
1150,Oc1ccc(I)cc1,9.327
1151,NCC(=O)NCC(=O)NCC(=O)O,3.27
1152,O=C(O)C1C(C(=O)O)C12c1ccccc1-c1ccccc12,2.9
1153,CC(N)=O,15.1
1154,CCC1=CCCN1,7.87
1155,C=O,13.27
1156,O=CO,3.737
1157,CO,15.5
1158,CS,10.33
1159,C[N+](=O)[O-],10.21
1160,O=C(O)[GeH3],3.5
1161,CS(=O)(=O)O,-1.86
1162,CP(=O)(O)O,2.12
1163,NNC(N)=S,1.88
1164,O=P(O)(O)CP(=O)(O)O,1.7
1165,O=[N+]([O-])C(Cl)Cl,5.99
1166,O=[N+]([O-])CCl,7.2
1167,O=P(O)(O)C(F)(F)F,1.17
1168,O=[As](O)(O)C(F)(F)F,1.12
1169,O=P(O)(O)CCl,1.51
1170,O=[N+]([O-])C(F)Cl,10.14
1171,O=C(O)C(=O)O,1.252
1172,CC=O,13.57
1173,CC(=O)O,4.757
1174,O=C(O)CO,3.62
1175,CCO,15.93
1176,OCCO,15.4
1177,SCCS,9.05
1178,O=CC(Cl)(Cl)Cl,10.04
1179,O=CC(F)(F)F,10.21
1180,O=C(O)C(Br)Br,1.48
1181,OCC(Cl)(Cl)Cl,12.24
1182,OCC(F)(F)F,12.8
1183,O=C(O)CCl,2.866
1184,O=C(O)CBr,2.901
1185,O=C(O)CI,3.174
1186,O=C(O)CF,2.584
1187,OCC(Cl)Cl,12.89
1188,NC(=O)C[N+](=O)[O-],5.18
1189,NCC(=O)O,2.33
1190,CC[N+](=O)[O-],8.6
1191,CC(N)=S,13.4
1192,CNC(=S)S,2.89
1193,CC(=O)NN,3.24
1194,C[As](C)(=O)O,6.15
1195,CCOP(=O)(O)O,1.6
1196,O=[As](O)(C(F)(F)F)C(F)(F)F,1.42
1197,ON=CC(F)(F)F,8.9
1198,NC(=O)C(Cl)[N+](=O)[O-],3.5
1199,NC(=O)C(F)[N+](=O)[O-],5.89
1200,N#CCC#N,11.19
1201,C#CCO,13.55
1202,CC(=O)C(=O)O,2.39
1203,c1cn[nH]c1,14.21
1204,C=CCO,15.5
1205,C=CCS,10
1206,CCCO,16.1
1207,CC(C)O,17.1
1208,COCCO,14.8
1209,CC(O)CO,14.9
1210,OCCCO,15.1
1211,CC(C)S,10.86
1212,OC(C(F)(F)F)C(F)(F)F,9.3
1213,O=c1cn[nH]c(=O)[nH]1,7
1214,S=c1cn[nH]c(=S)[nH]1,5.66
1215,Nc1nc(=O)cn[nH]1,1.55
1216,OCC(F)(F)C(F)F,12.74
1217,O=C1CNC(=O)N1,8.93
1218,Cc1nc(=S)s[nH]1,5.18
1219,Cc1n[nH]c(=S)s1,4.9
1220,N#CCC(=O)NN,2.47
1221,CC(=O)C=NO,8.3
1222,O=C1CNNC(=O)N1,10.3
1223,O=C1NCNC(=O)N1,10.7
1224,CC(Cl)C(=O)O,2.89
1225,O=C(O)CCCl,4.08
1226,CC(Br)C(=O)O,3.01
1227,O=C(O)CCBr,4.01
1228,CC(=O)C[N+](=O)[O-],5.1
1229,CC(=O)CS,7.86
1230,CC(C=NO)=NO,9.7
1231,O=C(O)CCS,4.38
1232,COC(=O)C[SeH],4.7
1233,CC(C)=NO,12.42
1234,CCC[N+](=O)[O-],8.98
1235,CC(C)[N+](=O)[O-],7.68
1236,N[C@@H](CO)C(=O)O,2.29
1237,CN(C)C(=S)S,3.36
1238,CCNC(=S)S,3.04
1239,OCC(S)CS,8.62
1240,COCC(=O)NN,2.76
1241,NCC(N)C(=O)O,1.3
1242,OCC(O)CS,9.46
1243,CS(=O)(=O)CS(C)(=O)=O,12.54
1244,CCCOP(=O)(O)O,1.88
1245,CC(N)CS,8.14
1246,CC(S)CN,8.1
1247,ON=C(C(F)(F)F)C(F)(F)F,6
1248,O=c1[nH]nc(Br)c(=O)[nH]1,6
1249,ONC(C(F)(F)F)C(F)(F)F,8.5
1250,O=c1ccs[nH]1,-0.33
1251,O=c1[nH]ncc(=S)[nH]1,6.33
1252,O=c1cn[nH]c(=S)[nH]1,5.98
1253,O=C(O)CS(=O)C(F)(F)F,2.06
1254,O=C(O)CS(=O)(=O)C(F)(F)F,1.88
1255,Cc1n[nH]c(=S)o1,5.01
1256,O=C(O)CCN(F)F,3.74
1257,C#CCC(=O)O,3.32
1258,O=C(O)/C=C/C(=O)O,3.095
1259,O=C(O)CC(=O)C(=O)O,2.22
1260,c1cc[nH]c1,17.51
1261,CCC(=O)C(=O)O,2.5
1262,CC(=O)CC(=O)O,3.6
1263,O=C(O)C(O)(O)C(O)(O)C(=O)O,1.95
1264,CC(C)C=O,13.77
1265,CC(C)C(=O)O,4.64
1266,CC(C)(O)C(=O)O,3.776
1267,O=C(O)C(O)(CO)CO,3.29
1268,CCCCO,16.1
1269,CCC(C)O,17.6
1270,CC(C)(C)O,19.2
1271,OCCCCO,15.1
1272,CC(C)(C)S,11.22
1273,OC(C(F)(F)F)(C(F)(F)F)C(F)(F)F,5.4
1274,O=C1CCC(=O)N1,9.62
1275,Cn1ncc(=O)[nH]c1=O,6.99
1276,Cn1c(=O)cn[nH]c1=O,9.52
1277,Cc1n[nH]c(=O)[nH]c1=O,7.42
1278,Cn1cnc(=O)[nH]c1=O,8.15
1279,Cn1c(=O)nc[nH]c1=O,6.58
1280,Cc1nc(=O)[nH]c(=O)[nH]1,7.23
1281,COc1nc[nH]c(=O)n1,6.92
1282,O=C(O)CCC([N+](=O)[O-])([N+](=O)[O-])[N+](=O)[O-],3.64
1283,O=C(O)C(O)CC([N+](=O)[O-])([N+](=O)[O-])[N+](=O)[O-],3.05
1284,Cn1ncc(=S)[nH]c1=S,5.76
1285,Cn1c(=S)cn[nH]c1=S,7.37
1286,Cc1n[nH]c(=S)[nH]c1=S,6.1
1287,Cc1n[nH]c(N)nc1=O,2.19
1288,Cn1c(N)nncc1=O,3.95
1289,CN1CC(=O)NC1=O,9.09
1290,CC1NC(=O)NC1=O,9.07
1291,OCC(F)(F)C(F)(F)CO,12.1
1292,CC(=S)SCC(=O)O,2.9
1293,CC(=O)SCC(=O)O,3.23
1294,O=C(O)CC(S)C(=O)O,3.165
1295,O=C(O)CSCC(=O)O,3.15
1296,O=C(O)CSSCC(=O)O,2.88
1297,O=C(O)C(S)C(S)C(=O)O,2.71
1298,O=C(O)C[Se]CC(=O)O,3.17
1299,CC(C(O)C(=O)O)([N+](=O)[O-])[N+](=O)[O-],2.37
1300,O=C1CCCN1,14.7
1301,CCC(=O)C=NO,8.37
1302,CC(=O)/C(C)=N/O,9.28
1303,CN1CC(=O)NC(=O)N1,10.6
1304,CN1NCC(=O)NC1=O,10.6
1305,CN1C(=O)CNNC1=O,11
1306,CC(Cl)CC(=O)O,4.2
1307,CC(=NO)C(=O)CO,9.07
1308,N[C@@H](CC(=O)O)C(=O)O,1.92
1309,CCOC(=O)C[N+](=O)[O-],5.75
1310,Cc1n[nH]c(=S)n1C,8.19
1311,CCOC(=O)CS,7.95
1312,NCC(=O)NCC(=O)O,3.2
1313,NN(CC(=O)O)CC(=O)O,2.54
1314,O=S1(=O)CCCS(=O)(=O)C1,12.61
1315,NCCCC(=O)O,4.01
1316,CC(C)(N)C(=O)O,2.48
1317,CC(O)C(N)C(=O)O,2.32
1318,NCC(O)CC(=O)O,3.8
1319,CCCNC(=S)S,3.1
1320,CCOCCS,9.38
1321,CC(C)(S)CO,9.85
1322,CCCCOP(=O)(O)O,1.89
1323,CCC(S)CN,8.19
1324,CC(C)(S)CN,8.07
1325,O=[N+]([O-])C(F)(F)C(O)(C(F)(F)F)C(F)(F)F,3.9
1326,O=c1[nH]cc(F)c(=O)[nH]1,8.04
1327,O=c1cc[nH]c(=S)[nH]1,7.96
1328,O=c1cc(S(=O)(=O)O)[nH]c(=O)[nH]1,7.26
1329,Cn1ncc(=S)[nH]c1=O,6.25
1330,Cn1c(=S)cn[nH]c1=O,8.57
1331,CSc1cn[nH]c(=O)n1,9.18
1332,Cn1ncc(=O)[nH]c1=S,6.24
1333,Cn1c(=O)cn[nH]c1=S,8.12
1334,Cc1n[nH]c(=S)[nH]c1=O,6.47
1335,NS(=O)(=O)c1cc(=O)[nH]c(=O)[nH]1,5.43
1336,CCc1nc(=O)s[nH]1,6.89
1337,CC(=NO)C(=O)CCl,8.8
1338,CC(=NO)C(=O)CBr,8.75
1339,CC(=NO)C(=O)CI,8.78
1340,CSC(=S)NCC(=O)O,3.19
1341,CC(=O)NCCS,9.92
1342,O=C(O)CN(CP(=O)(O)O)CP(=O)(O)O,1.73
1343,O=C(O)c1ccco1,3.16
1344,CCC#CC(=O)O,2.61
1345,CC#CCC(=O)O,3.59
1346,C#CCCC(=O)O,4.2
1347,CC1=C(O)COC1=O,4.15
1348,CC(=O)/C=C/C(=O)O,3.24
1349,C=C(CC(=O)O)C(=O)O,3.629
1350,CC(C)=CC(=O)O,5.12
1351,CC(=O)CCC(=O)O,4.6
1352,CCOC(=O)CC(=O)O,3.25
1353,CC(CC(=O)O)C(=O)O,3.88
1354,CC(C)(C(=O)O)C(=O)O,3.03
1355,CCC(C(=O)O)C(=O)O,2.96
1356,CC(OCC(=O)O)C(=O)O,3.03
1357,CCC(C)C(=O)O,4.761
1358,CCCCC(=O)O,4.8
1359,CC(C)(C)C(=O)O,5.04
1360,CCC(C)(O)C(=O)O,3.73
1361,CCCC(O)C(=O)O,3.59
1362,CC(CO)(CO)C(=O)O,4.39
1363,O=CC[C@H](O)[C@H](O)CO,12.61
1364,CCC(C)(C)S,11.3
1365,COC(=O)C(C#N)C#N,-2.8
1366,O=C(O)c1cccs1,3.49
1367,O=C(O)c1cc(=O)[nH]c(=O)[nH]1,2.07
1368,O=C(O)c1c[nH]c(=O)[nH]c1=O,4.16
1369,O=C(O)c1cc([N+](=O)[O-])c[nH]1,3.37
1370,O=C(O)c1ccc([N+](=O)[O-])[nH]1,3.22
1371,Oc1cccnc1,5.37
1372,Cc1nn2cn[nH]c2nc1=O,5.4
1373,O=c1ccccn1O,-0.9
1374,O=C(NO)c1ncccn1,7.88
1375,Nc1c(C(=O)O)[nH]c(=O)[nH]c1=O,2.63
1376,Cn1c(=O)[nH]cc([N+](=O)[O-])c1=O,5.7
1377,Cn1ccc(=O)[nH]c1=O,9.72
1378,Cn1c(=O)cc[nH]c1=O,9.35
1379,Cc1cc(=O)[nH]c(=O)[nH]1,9.68
1380,Cc1c(O)[nH]c(=O)[nH]c1=O,4.4
1381,Cc1nn(C)c(=O)[nH]c1=O,7.49
1382,Cc1n[nH]c(=O)n(C)c1=O,10.1
1383,CCn1ncc(=O)[nH]c1=O,7.07
1384,CCn1c(=O)cn[nH]c1=O,9.59
1385,CC(=O)C(=NO)C(C)=O,7.38
1386,Cc1nn(C)c(N)nc1=O,1.9
1387,CNc1nc(=O)c(C)n[nH]1,2.07
1388,Cc1nnc(N)n(C)c1=O,4.52
1389,CC1(CCC(=O)O)N=N1,4.4
1390,CCSC(=S)SCC(=O)O,2.91
1391,CCOC(=S)SCC(=O)O,3.09
1392,CC(CCC(=O)O)([N+](=O)[O-])[N+](=O)[O-],3.98
1393,CCC(=NO)C(C)=O,9.38
1394,CC(Cl)CCC(=O)O,4.4
1395,CN(C)C(=O)OCC(=O)O,3.01
1396,S=C(S)N1CCCC1,3.29
1397,S=C(S)N1CCSCC1,6.33
1398,CCOC(=O)CCS,9.49
1399,C[C@H](N)C(=O)NCC(=O)O,3.23
1400,O=S1(=O)CCCCS(=O)(=O)C1,11.75
1401,S=C(S)N1CCNCC1,7.63
1402,CCC(CC)=NO,12.6
1403,CC(=NO)C(C)(C)N,9.09
1404,CCC(C)(S)CN,8.19
1405,CCCC(S)CN,8.32
1406,O=C(O)c1ccc(Cl)s1,3.41
1407,O=C(O)c1ccc(Cl)[se]1,3.3
1408,O=C(O)c1cc(Br)cs1,3.11
1409,O=C(O)c1ccc(Br)s1,3.3
1410,O=C(O)c1cc(Br)c[se]1,3.14
1411,O=C(O)c1ccc(Br)[se]1,3.27
1412,O=C(O)c1cc([N+](=O)[O-])cs1,2.86
1413,O=C(O)c1ccc([N+](=O)[O-])s1,2.68
1414,O=C(O)c1cc([N+](=O)[O-])c[se]1,2.74
1415,O=C(O)c1ccc([N+](=O)[O-])[se]1,2.63
1416,O=C(O)c1[nH]c(=O)[nH]c(=O)c1Br,2.38
1417,O=C(O)c1[nH]c(=O)[nH]c(=O)c1I,1.88
1418,O=C(O)c1cc(Cl)c[nH]1,4.07
1419,O=C(O)c1ccc(Cl)[nH]1,4.32
1420,O=C(O)c1cc(Br)c[nH]1,4.06
1421,O=C(O)c1ccc(Br)[nH]1,4.17
1422,Cc1c[nH]c(=S)[nH]c1=O,8.29
1423,Cc1cc(=O)[nH]c(=S)[nH]1,7.94
1424,O=P(O)(O)Oc1cccnc1,3.86
1425,CS(=O)(=O)c1cc(=O)[nH]c(=O)[nH]1,4.68
1426,S=C(S)N1CCOCC1,5.19
1427,CN(C)C(=S)SCC(=O)O,3.32
1428,CSC(=S)N(C)CC(=O)O,2.93
1429,CN(C)C(=S)OCC(=O)O,2.87
1430,CN(C)C(=O)SCC(=O)O,3.49
1431,CN(C)C(=S)NCC(=O)O,3.71
1432,O=c1c(O)c(O)c(=O)c(=O)c1=O,5.06
1433,CC#CC#CC(=O)O,1.94
1434,O=C1C=C(O)C(=O)C=C1O,2.81
1435,O=C(O)c1ccc(=O)oc1,3.26
1436,O=C(O)c1cc(=O)cco1,1.5
1437,O=C(O)c1cocc1C(=O)O,1.44
1438,CC=CC#CC(=O)O,2.67
1439,C=CC#CCC(=O)O,3.39
1440,Cc1occc(=O)c1O,8.36
1441,Cc1cc(=O)c(O)co1,7.98
1442,O=C(O)C1=C(C(=O)O)CC1,1.12
1443,O=C(O)C12CC(C1)C2,4.09
1444,O=C1CCCC(=O)C1,5.25
1445,C#CCCCC(=O)O,4.59
1446,CCC1=C(O)COC1=O,4.15
1447,CC(=O)C(CC(=O)O)C(=O)O,2.86
1448,CC(C)(C(=O)O)C(=O)C(=O)O,1.77
1449,CC(O)(CC(=O)C(=O)O)C(=O)O,1.73
1450,O=C(O)CC(C(=O)O)C(O)C(=O)O,3.287
1451,O=C(O)C1(O)CCCC1,4.155
1452,CC(=O)CCCC(=O)O,4.8
1453,CC(CCC(=O)O)C(=O)O,4.36
1454,CC(CC(=O)O)CC(=O)O,4.35
1455,CC(C)C(C(=O)O)C(=O)O,2.92
1456,CCCC(C(=O)O)C(=O)O,3
1457,O=C(O)[C@@H](O)[C@H](O)[C@H](O)[C@@H](O)C(=O)O,3.08
1458,CCC(C)(C)C(=O)O,4.93
1459,CCCCCC(=O)O,4.8
1460,CCCC(C)C(=O)O,4.782
1461,CCC(C)CC(=O)O,4.766
1462,OC[C@@H](O)[C@@H](O)[C@H](O)[C@H](O)CO,13.29
1463,CCCCCCS,10.3
1464,Oc1c(F)c(F)c(F)c(F)c1F,5.53
1465,O=C1C=C(F)C(=O)C(F)=C1F,1.73
1466,O=C1C(O)=C(Br)C(=O)C(Br)=C1Br,1.1
1467,Oc1c(O)c(Cl)c(Cl)c(Cl)c1Cl,5.8
1468,O=C1C(O)=C(F)C(=O)C(O)=C1F,1.4
1469,O=C1C(O)=C([N+](=O)[O-])C(=O)C(O)=C1[N+](=O)[O-],-3
1470,Oc1c(Cl)cc(Cl)cc1Cl,6.23
1471,O=[N+]([O-])c1cc([N+](=O)[O-])c(O)c([N+](=O)[O-])c1O,0.06
1472,Oc1cccc(Cl)c1Cl,7.696
1473,Oc1ccc(Cl)cc1Cl,7.892
1474,Oc1cc(Cl)ccc1Cl,7.508
1475,Oc1c(Cl)cccc1Cl,6.786
1476,Oc1ccc(Br)cc1Br,7.79
1477,Oc1c(Br)cccc1Br,6.674
1478,O=c1cccc2[nH]onc1-2,6.83
1479,O=c1ccc2no[nH]c-2c1,7.28
1480,O=c1ccc2no[nH]c-2c1,7.28
1481,O=c1cccc2[nH]onc1-2,6.83
1482,O=C(O)c1csccc1=O,4.1
1483,O=[N+]([O-])c1cccc(O)c1[N+](=O)[O-],4.96
1484,O=[N+]([O-])c1ccc(O)c([N+](=O)[O-])c1,4.073
1485,O=[N+]([O-])c1ccc([N+](=O)[O-])c(O)c1,5.21
1486,O=[N+]([O-])c1cccc([N+](=O)[O-])c1O,3.695
1487,O=[N+]([O-])c1ccc(O)cc1[N+](=O)[O-],5.42
1488,O=C1C(O)=C(S(=O)(=O)O)C(=O)C(O)=C1S(=O)(=O)O,0.75
1489,O=Cc1ccccn1,3.84
1490,Oc1ccc(Cl)cc1,9.38
1491,Oc1ccccc1F,8.7
1492,Oc1cccc(F)c1,9.21
1493,Oc1ccc(F)cc1,9.91
1494,O=Nc1ccc(O)cc1,6.361
1495,O=C(O)c1ccccn1,1.03
1496,Oc1ccc(Cl)cc1O,8.62
1497,Oc1ccc(Br)cc1O,8.7
1498,O=C(O)c1ccncc1O,0.1
1499,O=[N+]([O-])c1ccc(O)c(O)c1,6.78
1500,Sc1cccc(Cl)c1,5.78
1501,Sc1ccc(Cl)cc1,6.135
1502,Sc1ccc(Br)cc1,6.02
1503,NC(=O)c1ccncc1,11.47
1504,O=C(NO)c1ccccn1,8.5
1505,O=C(NO)c1ccncc1,7.85
1506,OCC(F)(F)C(F)(F)C(F)(F)C(F)(F)CO,12.1
1507,O=C(O)Cc1cccs1,3.89
1508,Cc1csc(C(=O)O)c1,3.59
1509,Cc1ccc(C(=O)O)s1,3.7
1510,O=[Se](O)c1ccccc1,4.7
1511,Cc1ccc(C(=O)O)[se]1,3.82
1512,Nc1ccc(O)c([N+](=O)[O-])c1,7.81
1513,COc1ccc(C(=O)O)s1,3.8
1514,COC(=O)c1cc(=O)[nH]c(=O)[nH]1,7.93
1515,NC(=S)c1ccccn1,12.55
1516,Nc1ccc(O)cc1,10.46
1517,Cc1nn2c(C)n[nH]c2nc1=O,5.85
1518,Cc1ccc(C(=O)O)[nH]1,4.88
1519,O=[As](O)(O)c1ccccc1,3.65
1520,CCOC(=O)c1n[nH]c(=O)[nH]c1=O,6.34
1521,O=[As](O)(O)c1ccccc1O,4.04
1522,O=[As](O)(O)c1ccc(O)cc1,3.85
1523,O=[As](O)(O)c1ccc(O)cc1O,4.11
1524,O=C(O)CC(CC([N+](=O)[O-])([N+](=O)[O-])[N+](=O)[O-])C(=O)O,3.03
1525,CC(=O)OC(CC([N+](=O)[O-])([N+](=O)[O-])[N+](=O)[O-])C(=O)O,2.02
1526,SCc1ccccn1,8.82
1527,CC(=O)OC(C(=O)O)C(C)([N+](=O)[O-])[N+](=O)[O-],1.85
1528,CC(=O)NC(CC([N+](=O)[O-])([N+](=O)[O-])[N+](=O)[O-])C(=O)O,2.35
1529,CC(=O)OCC(=O)C=NO,8.72
1530,Cc1n[nH]c(N(C)C)nc1=O,1.6
1531,CC(CC(=O)O)C1(C)N=N1,4.5
1532,CC(=O)OCC(C=NO)=NO,9.78
1533,CC(C)(SCC(=O)O)C(=O)O,3.74
1534,CCOC(=O)CSCC(=O)O,3.66
1535,CC(=O)C(=NO)C(C)C,9.5
1536,NCCCC1NC(=O)NC1=O,8.8
1537,CC(Cl)CCCC(=O)O,4.6
1538,O=C1NC(=O)C(CCCNO)N1,5.6
1539,S=C(S)N1CCCCC1,5.64
1540,CC(=O)C(CN(C)C)=NO,6.92
1541,O=C(O)CNCCNCC(=O)O,6.48
1542,CN1CCN(C(=S)S)CC1,6.62
1543,CC[C@H](C)[C@H](N)C(=O)O,2.66
1544,CN(C)CC(O)CC(=O)O,3.81
1545,CCOP(=O)(CC(=O)O)OCC,3.3
1546,CNC(C)(C)C(C)=NO,9.24
1547,Oc1c(Cl)cc(Br)cc1Cl,6.21
1548,O=[N+]([O-])c1cc(Cl)c(O)c(Cl)c1,3.549
1549,O=[N+]([O-])c1cc(Br)cc(Br)c1O,4.708
1550,O=[N+]([O-])c1cc(Br)c(O)c(Br)c1,3.392
1551,O=[N+]([O-])c1cc(I)c(O)c(I)c1,3.324
1552,O=[N+]([O-])c1cc(Cl)c(O)c([N+](=O)[O-])c1,2.1
1553,O=[N+]([O-])c1cc(Br)c(O)c([N+](=O)[O-])c1,2.11
1554,O=c1ccc2ns[nH]c-2c1,8.16
1555,O=c1ccc2n[se][nH]c-2c1,8.06
1556,Oc1ccc(Br)cc1Cl,7.64
1557,O=[N+]([O-])c1ccc(O)c(Cl)c1,5.45
1558,O=[N+]([O-])c1cccc(Cl)c1O,5.483
1559,O=[N+]([O-])c1ccc(Cl)cc1O,6.05
1560,O=[N+]([O-])c1cc(Cl)ccc1O,6.458
1561,O=[N+]([O-])c1ccc(F)cc1O,6.07
1562,O=[N+]([O-])c1cccc(S)c1,5.241
1563,O=[N+]([O-])c1ccc(S)cc1,4.715
1564,O=C(O)Cc1ccc(Cl)s1,3.89
1565,O=S(O)c1cccc(Cl)c1,2.68
1566,O=S(O)c1ccc(Cl)cc1,2.76
1567,O=[Se](O)c1ccc(Cl)cc1,4.3
1568,O=S(O)c1ccc(Br)cc1,3.08
1569,O=[Se](O)c1ccc(Br)cc1,4.28
1570,O=[N+]([O-])c1cccc(S(=O)O)c1,2.81
1571,O=[N+]([O-])c1ccc(S(=O)O)cc1,1.86
1572,Nc1ccccc1S(=O)(=O)O,2.49
1573,Nc1cccc(S(=O)(=O)O)c1,3.75
1574,O=S(=O)(O)C(O)c1ccccn1,4.05
1575,O=S(=O)(O)C(O)c1cccnc1,4.6
1576,O=S(=O)(O)C(O)c1ccncc1,4.95
1577,Cc1[nH]c(=S)[nH]c(=O)c1C,8.08
1578,CCSc1nc(=O)cc[nH]1,7.01
1579,O=P(O)(O)OCc1ccccn1,1.8
1580,O=P(O)(O)OCc1cccnc1,4.86
1581,O=P(O)(O)OCc1ccncc1,5.14
1582,O=P(O)(O)OCc1ncccc1O,4.34
1583,Nc1ncccc1COP(=O)(O)O,5.42
1584,OCCNC(=S)C(=S)NCCO,10.71
1585,O=S(=O)(O)CCNC(=S)C(=S)NCCS(=O)(=O)O,11.73
1586,O=S(=O)(NBr)c1ccccc1,4.95
1587,O=P(O)(O)OCc1cccnc1Cl,2.17
1588,C#CC#CC#CC(=O)O,1.67
1589,O=Cc1ccccc1,14.9
1590,O=Cc1ccc(O)cc1,7.61
1591,CCC#CC#CC(=O)O,1.9
1592,CC#CC#CCC(=O)O,3.23
1593,O=Cc1ccc(O)c(O)c1,7.19
1594,O=c1ccccc(O)c1O,6.72
1595,O=c1cccc(O)cc1O,5.76
1596,O=C(O)c1cccc(O)c1O,2.914
1597,O=C(O)c1ccc(O)cc1O,3.11
1598,O=C(O)c1cc(O)ccc1O,2.951
1599,O=C(O)c1c(O)cccc1O,1.051
1600,O=C(O)c1ccc(O)c(O)c1,4.26
1601,O=C(O)c1cc(O)cc(O)c1,4.039
1602,COC(=O)c1cocc1C(=O)O,3.75
1603,COc1coc(C(=O)O)cc1=O,1.53
1604,c1ccc2[nH]ncc2c1,13.8
1605,OCc1ccccc1,15.4
1606,COc1ccccc1O,9.98
1607,COC(=O)C1=C(C(=O)O)CC1,3.19
1608,Cc1cccc(S)c1,6.66
1609,SCc1ccccc1,9.43
1610,O=C(O)C12CCC(C1)C2,4.46
1611,CCCCC#CC(=O)O,2.6
1612,C#CCCCCC(=O)O,4.57
1613,CC(C)(C)C#CC(=O)O,2.66
1614,O=C1CCC(C(=O)O)CC1,4.38
1615,CC1(C)[C@@H](C(=O)O)[C@H]1C(=O)O,2.3
1616,O=C(O)C1CCCCC1,4.89
1617,CCCC(=O)CC(C)=O,9.23
1618,O=C(O)C1(O)CCCCC1,4.159
1619,O=C(O)C1CCCCC1O,4
1620,O=C(O)CCCCCC(=O)O,4.46
1621,CC(C)(CC(=O)O)CC(=O)O,3.85
1622,CC(C)(C)C(C(=O)O)C(=O)O,2.92
1623,CCOC(=O)C(C)(C)C(=O)O,3.49
1624,O=C(O)C1CC(O)C(O)C(O)C1,4.39
1625,CCCCCCC(=O)O,4.8
1626,CCCC(C)(C)C(=O)O,4.969
1627,O=C(O)c1c(F)c(F)c(F)c(F)c1F,1.75
1628,O=C(O)c1c(F)c(F)cc(F)c1F,1.87
1629,O=C(O)c1c(F)c(F)c(O)c(F)c1F,2.27
1630,O=c1c(Br)cc(Br)cc(Br)c1O,4.27
1631,O=Cc1cc(Cl)c(O)c(Cl)c1,4.25
1632,O=C(O)c1ccc(Cl)cc1Cl,2.68
1633,O=C(O)c1cc(Cl)ccc1Cl,2.466
1634,O=C(O)c1c(Cl)cccc1Cl,1.594
1635,O=C(O)c1ccc(Cl)c(Cl)c1,3.64
1636,O=c1ccc(Br)cc(Br)c1O,5.18
1637,O=c1c(Br)cccc(Br)c1O,4.68
1638,O=C(O)c1cc(I)cc(I)c1O,2.299
1639,O=[N+]([O-])c1cc([N+](=O)[O-])c2cn[nH]c2c1O,2.5
1640,O=Cc1cc([N+](=O)[O-])cc([N+](=O)[O-])c1O,2.27
1641,O=C(O)c1cc([N+](=O)[O-])cc([N+](=O)[O-])c1O,0.7
1642,N#Cc1ccccc1O,6.86
1643,N#Cc1cccc(O)c1,8.608
1644,N#Cc1ccc(O)cc1,7.967
1645,O=Cc1cccc(Cl)c1,13.92
1646,O=Cc1ccc(Cl)cc1,14.44
1647,Oc1cccc(C(F)(F)F)c1,8.95
1648,Oc1ccc(C(F)(F)F)cc1,8.675
1649,O=[N+]([O-])c1cccc2[nH]ncc12,11.57
1650,O=[N+]([O-])c1ccc2[nH]ncc2c1,11.69
1651,O=[N+]([O-])c1ccc2cn[nH]c2c1,11.67
1652,O=[N+]([O-])c1cccc2cn[nH]c12,12.48
1653,O=Cc1ccc(O)cc1Cl,6.6
1654,O=Cc1c(O)cccc1Cl,8.26
1655,O=Cc1cccc(Cl)c1O,6.61
1656,O=Cc1cc(Cl)ccc1O,7.41
1657,O=Cc1ccc(Cl)cc1O,7.18
1658,O=C(O)c1cccc(Cl)c1,3.839
1659,O=C(O)c1ccc(Cl)cc1,3.988
1660,O=c1ccc(Cl)ccc1O,5.62
1661,O=C(O)c1cccc(Br)c1,3.813
1662,O=C(O)c1ccc(Br)cc1,3.963
1663,O=c1ccccc(Br)c1O,5.14
1664,O=c1cccc(Br)cc1O,5.72
1665,O=c1ccc(Br)ccc1O,5.54
1666,O=C(O)c1ccc(I)cc1,3.997
1667,O=C(O)c1cccc(F)c1,3.862
1668,O=C(O)c1ccc(F)cc1,4.153
1669,O=Cc1cccc([N+](=O)[O-])c1,13.04
1670,O=Cc1ccc([N+](=O)[O-])cc1,12.79
1671,O=C(O)c1c(O)cccc1Cl,2.63
1672,O=C(O)c1cc(Cl)ccc1O,2.65
1673,O=C(OO)c1ccccc1Cl,6.54
1674,O=C(OO)c1cccc(Cl)c1,7.57
1675,O=C(OO)c1ccc(Cl)cc1,7.64
1676,O=Cc1cccc([N+](=O)[O-])c1O,5.41
1677,O=Cc1cc([N+](=O)[O-])ccc1O,5.51
1678,O=Cc1ccc([N+](=O)[O-])c(O)c1,6
1679,O=C(O)c1cccc([N+](=O)[O-])c1,3.462
1680,O=C(O)c1ccc([N+](=O)[O-])cc1,3.426
1681,O=c1ccc([N+](=O)[O-])ccc1O,3.21
1682,O=C(O)c1cccnc1C(=O)O,2.43
1683,O=C(O)c1ccnc(C(=O)O)c1,2.23
1684,O=C(O)c1ccc(C(=O)O)nc1,2.17
1685,O=C(O)c1cccc(C(=O)O)n1,2.24
1686,O=C(O)c1ccncc1C(=O)O,1.5
1687,O=C(O)c1cccc([N+](=O)[O-])c1O,2.3
1688,O=C(O)c1ccc([N+](=O)[O-])cc1O,2.23
1689,O=C(O)c1cc([N+](=O)[O-])ccc1O,2.12
1690,O=C(O)c1c(O)cccc1[N+](=O)[O-],2.24
1691,Cc1c([N+](=O)[O-])cc([N+](=O)[O-])c(O)c1[N+](=O)[O-],0.81
1692,Oc1ccc2[nH]ncc2c1,10.05
1693,Oc1cccc2cn[nH]c12,8.6
1694,O=c1cccc2[nH][nH]cc1-2,8.65
1695,O=c1ccc2c[nH][nH]c-2c1,9.35
1696,Cc1cc(Cl)c(O)c(Cl)c1,7.19
1697,O=c1cccccc1S,5.9
1698,Nc1cc([N+](=O)[O-])ccc1C(=O)O,0.65
1699,Nc1cc(C(=O)O)cc([N+](=O)[O-])c1,1.55
1700,Cc1cc([N+](=O)[O-])cc([N+](=O)[O-])c1O,4.7
1701,Cc1cc([N+](=O)[O-])c(O)c([N+](=O)[O-])c1,4.231
1702,ON=Cc1ccccc1O,1.4
1703,ON=Cc1ccc(O)cc1,8.93
1704,NC(=O)c1cccc(O)c1,9.3
1705,NC(=O)c1ccc(O)cc1,8.56
1706,Nc1ccccc1C(=O)O,1.89
1707,Nc1cccc(C(=O)O)c1,3.12
1708,Nc1ccc(C(=O)O)cc1,2.204
1709,Nc1ccc(O)cc1C(=O)O,2.72
1710,Nc1ccc(C(=O)O)c(O)c1,2.05
1711,COc1ccc(O)c(N=O)c1,6.592
1712,Cc1ccc([N+](=O)[O-])cc1O,8.592
1713,Cc1ccc(O)c([N+](=O)[O-])c1,7.597
1714,Cc1ccc(O)cc1[N+](=O)[O-],8.622
1715,O=C(O)c1cccc(CO)n1,1.2
1716,NNC(=O)c1ccccc1[N+](=O)[O-],2.48
1717,NNC(=O)c1cccc([N+](=O)[O-])c1,2.73
1718,NNC(=O)c1ccc([N+](=O)[O-])cc1,2.69
1719,O=C(O)c1ccccc1P(O)O,1.32
1720,NNC(=O)c1ccccc1,3.05
1721,COc1cccc(S)c1,6.385
1722,COc1ccc(S)cc1,6.775
1723,NC(=O)c1cc(N)ccc1O,9.11
1724,Nc1ccc(C(=O)NO)cc1,9.42
1725,Cc1ccc(S(=O)O)cc1,2.8
1726,CS(=O)c1ccccc1O,7.6
1727,CS(=O)c1cccc(O)c1,8.75
1728,CS(=O)c1ccc(O)cc1,8.28
1729,CCc1ccc(C(=O)O)s1,3.7
1730,Cc1ccc([Se](=O)O)cc1,4.55
1731,C=CCc1c(O)[nH]c(=O)[nH]c1=O,4.78
1732,COc1ccc(S(=O)O)cc1,2.72
1733,Cc1ccc(S(=O)(=O)O)cc1,-1.34
1734,CS(=O)(=O)c1ccc(O)cc1,7.72
1735,Cc1cccc(C(N)=S)n1,12.62
1736,CN(O)N=Nc1ccccc1,12.11
1737,NCc1cccc(O)c1O,8.3
1738,NCc1ccc(O)c(O)c1,8.6
1739,CC1CC(=NO)C(=O)C(=NO)C1,8.5
1740,COC(=O)C(N)Cc1c[nH]cn1,5.34
1741,C=CCN(CC(=O)O)CC(=O)O,2.43
1742,CC(=O)CN(CC(=O)O)CC(=O)O,2.62
1743,O=C(O)CCN(CC(=O)O)CC(=O)O,1.9
1744,CC1(CCCCC(=O)O)N=N1,4.7
1745,CCOC(=O)CSC(C)C(=O)O,3.71
1746,NCCCCC1NC(=O)NC1=O,8.9
1747,O=C1NC(=O)C(CCCCNO)N1,5.7
1748,CCCN(CC(=O)O)CC(=O)O,2.44
1749,C[C@H](N)C(=O)NCC(=O)NCC(=O)O,3.36
1750,C[C@H](NC(=O)CNC(=O)CN)C(=O)O,3.3
1751,C[C@H](NC(=O)CN)C(=O)NCC(=O)O,3.46
1752,CC(C)[C@H](NC(=O)CN)C(=O)O,3.26
1753,NCCCCCCC(=O)O,4.502
1754,NCC1(S)CCCCC1,8.21
1755,CCCN(CCC)C(=S)S,3.72
1756,CCNC(C)(C)C(C)=NO,9.24
1757,O=C(O)c1c(F)c(F)c(Cl)c(F)c1F,1.69
1758,O=C(O)c1c(F)c(F)c(Br)c(F)c1F,1.66
1759,O=C(O)c1c(F)c(F)c(S)c(F)c1F,1.67
1760,N#Cc1cc(Cl)c(O)c(Cl)c1,4.38
1761,O=Cc1cc(Cl)cc([N+](=O)[O-])c1O,4.51
1762,O=Cc1cc([N+](=O)[O-])cc(Br)c1O,3.48
1763,O=Cc1cc(Br)cc([N+](=O)[O-])c1O,4.46
1764,S=c1[nH]c2ccccc2o1,6.33
1765,N#CSc1ccc(O)cc1,8.57
1766,O=C1NS(=O)(=O)c2ccccc21,1.31
1767,Cc1c(Cl)cc([N+](=O)[O-])c(O)c1[N+](=O)[O-],3.24
1768,O=Nc1c(O)cc(S(=O)(=O)O)c2cn[nH]c12,5.85
1769,O=Nc1cc(S(=O)(=O)O)c2cn[nH]c2c1O,6.35
1770,O=Nc1c(S(=O)(=O)O)cc(O)c2[nH]ncc12,8.6
1771,O=Nc1c(S(=O)(=O)O)cc(O)c2cn[nH]c12,7.15
1772,O=Nc1c(O)cc(S(=O)(=O)O)c2[nH]ncc12,7.75
1773,Nc1cc(Cl)ccc1C(=O)O,1.21
1774,Nc1ccc(Cl)cc1C(=O)O,1.69
1775,O=C(NO)c1ccc(Br)cc1,8.68
1776,Nc1cc(Br)ccc1C(=O)O,1.24
1777,Nc1ccc(Br)cc1C(=O)O,1.6
1778,O=C(NO)c1ccc(I)cc1,8.63
1779,O=C(NO)c1ccc(F)cc1,8.81
1780,Nc1cc(F)ccc1C(=O)O,1.42
1781,Nc1ccc(F)cc1C(=O)O,2.03
1782,O=S(=O)(O)c1c(O)ccc2[nH]ncc12,10.55
1783,O=S(=O)(O)c1cc(O)cc2[nH]ncc12,8.85
1784,O=S(=O)(O)c1ccc(O)c2[nH]ncc12,7.6
1785,O=S(=O)(O)c1cc(O)c2[nH]ncc2c1,8
1786,O=S(=O)(O)c1cc(O)c2cn[nH]c2c1,8.1
1787,O=S(=O)(O)c1ccc(O)c2cn[nH]c12,7.6
1788,O=S(=O)(O)c1cc(O)cc2cn[nH]c12,9.65
1789,O=S(=O)(O)c1c(O)ccc2cn[nH]c12,9.45
1790,O=S(=O)(O)c1cc2cn[nH]c2c(S(=O)(=O)O)c1O,9.4
1791,NNC(=O)c1cccc(Cl)c1,2.89
1792,NNC(=O)c1ccc(Cl)cc1,3.02
1793,NS(=O)(=O)c1cccc(C(=O)O)c1,3.54
1794,NS(=O)(=O)c1ccc(C(=O)O)cc1,3.47
1795,CN(O)N=Nc1ccccc1Cl,11.31
1796,CN(O)N=Nc1ccc(Cl)cc1,11.52
1797,CCOC(=O)c1c[nH]c(=S)[nH]c1=O,6.43
1798,CCSc1nc(=O)c(C(=O)O)c[nH]1,6.01
1799,C[n+]1ccccc1C=NO.[I-],8
1800,C[n+]1cccc(C=NO)c1.[I-],9.1
1801,C[n+]1ccc(C=NO)cc1.[I-],8.5
1802,O=S(=O)(O)CCc1ccccn1,5.14
1803,CCCc1cc(=O)[nH]c(=S)[nH]1,7.76
1804,Cc1cccc(COP(=O)(O)O)n1,4.74
1805,O=P(O)(O)OCCc1ccccn1,5.31
1806,CSCCC(NC(=O)CN)C(=O)O,3.16
1807,O=Cc1ccccc1C=O,13
1808,O=Cc1cccc(C(=O)O)c1,3.84
1809,O=Cc1ccc(C(=O)O)cc1,3.77
1810,O=C(O)c1cccccc1=O,3.73
1811,O=C(O)c1ccccc1C(=O)O,2.76
1812,O=C(O)c1ccc2c(c1)OCO2,4.5
1813,O=C(O)c1ccccc(O)c1=O,3.2
1814,O=C(O)c1ccc(O)c(=O)cc1,4.05
1815,O=C(O)c1cccc(O)c(=O)c1,3.42
1816,Cc1cccc(C=O)c1,15
1817,Cc1ccc(C=O)cc1,15.39
1818,O=C(O)Cc1ccccc1,4.307
1819,COc1cccc(C=O)c1,14.61
1820,COc1ccc(C=O)cc1,15.96
1821,Cc1ccccc(=O)c1O,7.92
1822,Cc1cccc(=O)c(O)c1,7.26
1823,Cc1ccc(O)c(=O)cc1,7.32
1824,COc1cc(C=O)ccc1O,7.4
1825,COc1cccc(C(=O)O)c1,4.095
1826,COc1ccc(C(=O)O)cc1,4.496
1827,COc1cccc(=O)c(O)c1,7.24
1828,COc1ccc(O)c(=O)cc1,7.75
1829,O=C(O)COc1ccccc1O,3.02
1830,COc1ccc(C(=O)O)c(O)c1,3.31
1831,COc1ccc(O)c(C(=O)O)c1,2.94
1832,COc1ccc(C(=O)O)cc1O,4.47
1833,COc1cc(C(=O)O)ccc1O,4.51
1834,Cc1cc(=O)c(C(=O)O)c(C)o1,3.36
1835,COC(=O)c1cc(O)c(O)c(O)c1,7.88
1836,Cc1nc2ccccc2[nH]1,13.18
1837,OCCOc1ccccc1,15.1
1838,CCOc1ccc(O)cc1,10.13
1839,CC1(C)C(=O)CC(=O)CC1=O,4.2
1840,COc1cccc(CO)c1O,9.97
1841,COC(=O)C1=C(C(=O)O)CCC1,2.94
1842,O=C(O)C12CCC(CC1)C2,4.89
1843,CC1(C)CC(=O)CC(=O)C1,5.27
1844,CC(C)(C)CC#CC(=O)O,2.53
1845,O=C(O)CCC(CCC(=O)O)C(=O)O,3.99
1846,CCC(C)C(=O)CC(C)=O,9.2
1847,O=C(O)C1(O)CCCCCC1,4.21
1848,CC(C)(C(=O)O)C(C)(C)C(=O)O,3.56
1849,CC(C)C(CC(=O)O)CC(=O)O,4.28
1850,CCCC(CC(=O)O)CC(=O)O,4.32
1851,CCC(C(=O)O)(C(=O)O)C(C)C,2.03
1852,O=C(O)c1c(F)c(F)c(C(F)(F)F)c(F)c1F,1.44
1853,Cc1c(F)c(F)c(C(=O)O)c(F)c1F,2
1854,N#Cc1ccc(O)c(=O)cc1,3.72
1855,N#Cc1ccccc(=O)c1O,3.41
1856,Cc1c(Br)cc(Br)c(O)c(=O)c1Br,5.17
1857,N#Cc1ccc(O)c(C(=O)O)c1,2.38
1858,N#Cc1ccc(C(=O)O)c(O)c1,2.35
1859,O=C(O)c1cccc(Br)c1C(=O)O,2.27
1860,O=C(O)c1ccc(Br)cc1C(=O)O,2.5
1861,N#Cc1ccc(C(=O)NO)cc1,8.26
1862,O=[N+]([O-])c1c[nH]c2ccccc12,10.12
1863,O=[N+]([O-])c1ccc2[nH]ccc2c1,14.75
1864,O=c1[nH]c(=O)c2ccccc2[nH]1,9.82
1865,Cc1ccc(Br)c(O)c(=O)c1Br,5.59
1866,Cc1cc(Br)c(O)c(=O)c(Br)c1,5.35
1867,Brc1ccc2[nH]ccc2c1,16.13
1868,OC(c1ccccc1)C(F)(F)F,11.9
1869,O=C(C=NO)c1ccccc1,8.25
1870,O=C(O)Cc1cccc(Cl)c1,4.11
1871,O=C(O)Cc1ccc(Cl)cc1,4.177
1872,Cc1ccc(=O)c(O)c(Br)c1,6.41
1873,Cc1ccc(Br)c(O)c(=O)c1,6.3
1874,Cc1cc(=O)c(O)ccc1Br,6.6
1875,O=C(O)Cc1cccc(F)c1,4.13
1876,O=C(O)Cc1ccc(F)cc1,4.218
1877,O=[N+]([O-])C=Cc1cccc(O)c1,9.1
1878,O=[N+]([O-])C=Cc1ccc(O)cc1,7.98
1879,O=C(O)C(O)c1ccccc1Cl,3.31
1880,O=C(O)C(O)c1ccc(Cl)cc1,3.15
1881,COC(=O)c1ccc(O)c(Cl)c1,6.73
1882,O=C(O)COc1cccc(Br)c1,3.04
1883,O=C(O)C(O)c1ccccc1Br,3.32
1884,O=C(O)C(O)c1ccc(Br)cc1,3.15
1885,O=C(O)C(O)c1ccc(I)cc1,3.14
1886,O=C(O)C(O)c1ccccc1F,3.3
1887,O=C(O)C(O)c1ccc(F)cc1,3.19
1888,O=C(O)Cc1cccc([N+](=O)[O-])c1,3.97
1889,O=C(O)Cc1ccc([N+](=O)[O-])cc1,3.924
1890,COC(=O)c1ccnc(C(=O)O)c1,3.71
1891,COC(=O)c1ccc(C(=O)O)nc1,3.62
1892,COC(=O)c1cccc(C(=O)O)n1,2.65
1893,O=C(O)COc1cccc([N+](=O)[O-])c1,2.91
1894,O=C(O)COc1ccc([N+](=O)[O-])cc1,2.81
1895,COc1cc([N+](=O)[O-])cc(C=O)c1O,4.77
1896,COc1cc(C=O)cc([N+](=O)[O-])c1O,4.2
1897,COC(=O)c1ccc([N+](=O)[O-])c(O)c1,6.15
1898,COC(=O)c1ccc(O)c([N+](=O)[O-])c1,5.4
1899,COc1cc([N+](=O)[O-])cc(C(=O)O)c1O,2.58
1900,COc1cc(C(=O)O)cc([N+](=O)[O-])c1O,4.12
1901,CCOC(=O)c1cc(=O)c(O)c([N+](=O)[O-])o1,2.36
1902,CC(=O)OCc1cc(=O)c(O)c([N+](=O)[O-])o1,2.6
1903,Cc1c([N+](=O)[O-])c(C)c([N+](=O)[O-])c(O)c1[N+](=O)[O-],1.38
1904,COC(=O)c1ccc(S)cc1,5.33
1905,CC(=O)c1ccc(CC(=O)O)s1,3.76
1906,O=C(O)CS(=O)c1ccccc1,2.732
1907,O=S1(=O)CCc2cc(O)ccc21,7.81
1908,CC(=O)Nc1ccc([N+](=O)[O-])c(O)c1,6.71
1909,CC(=O)Nc1ccc(O)c([N+](=O)[O-])c1,6.78
1910,COC(=O)Nc1ccc([N+](=O)[O-])cc1,13
1911,O=C(O)CS(=O)(=O)c1ccccc1,2.513
1912,Cc1ccc2c(c1)S(=O)(=O)CS2(=O)=O,12.63
1913,Cc1cc(Br)cc(C)c1O,9.81
1914,Cc1cc(F)cc(C)c1O,10.46
1915,Cc1ccc(C(=O)NO)cc1,9.05
1916,Cc1ccc(C(=O)O)c(N)c1,2.35
1917,Cc1ccc(N)c(C(=O)O)c1,2.48
1918,Cc1cc(N=O)cc(C)c1O,7.56
1919,Cc1cc(O)cc(C)c1N=O,8.04
1920,COc1ccc(C(=O)O)c(N)c1,2.06
1921,COc1ccc(N)c(C(=O)O)c1,2.37
1922,Cc1cc([N+](=O)[O-])cc(C)c1O,7.07
1923,NNC(=O)Cc1ccccc1,3.09
1924,Cc1ccc(C(=O)NN)cc1,3.15
1925,NNC(=O)COc1ccccc1,2.65
1926,O=C(O)CNCc1ccccn1,1.62
1927,COc1ccc(C(=O)NN)cc1,3.25
1928,Cc1cccc(S(C)=O)c1O,8.78
1929,CC(C)c1csc(C(=O)O)c1,3.66
1930,CCOC(=O)c1cc(=O)n(C)c(=O)[nH]1,8.18
1931,CN(C)c1ccccc1O,10.62
1932,CN(C)c1cccc(O)c1,9.85
1933,CN(C)c1ccc(O)cc1,10.22
1934,CCN(O)N=Nc1ccccc1,12.28
1935,Cc1ccccc1N=NN(C)O,12.3
1936,Cc1ccc(N=NN(C)O)cc1,12.52
1937,C[S+](C)c1cccc(O)c1,7.67
1938,C[S+](C)c1ccc(O)cc1,7.3
1939,CP(C)c1cccc(O)c1,5.89
1940,CP(C)c1ccc(O)cc1,6.75
1941,NCCc1cccc(O)c1O,8.6
1942,N#CC1CCC(C(=O)O)CC1,4.48
1943,COc1ccc(N=NN(C)O)cc1,12.69
1944,O=C(O)C12CCC(Br)(CC1)C2,4.356
1945,NC[C@H](O)c1ccc(O)c(O)c1,3.3
1946,O=c1cnn([C@@H]2O[C@H](CO)[C@@H](O)[C@H]2O)c(=O)[nH]1,6.7
1947,NC(CS)c1ccccc1,7.18
1948,CN(C)C(=O)N=CC=CC=CO,-1.8
1949,CCN(CC)CC(=NO)C(C)=O,6.9
1950,NCC(S)C1CCCCC1,8.5
1951,CC(=NO)C(C)(C)NC(C)C,9.16
1952,CCCNC(C)(C)C(C)=NO,9.09
1953,CCCCOP(=O)(O)OCCCC,1
1954,O=C(CC(=O)C(F)(F)F)c1cccs1,6.53
1955,S=c1[nH]nc(-c2ccccc2)o1,4.27
1956,OC(c1cccc(Br)c1)C(F)(F)F,11.5
1957,O=C(O)CS(=O)c1cccc(Cl)c1,2.663
1958,O=C(O)CS(=O)c1ccc(Cl)cc1,2.664
1959,O=C(O)CS(=O)c1cccc(Br)c1,2.674
1960,O=C(O)CS(=O)c1ccc(Br)cc1,2.657
1961,O=C(O)CS(=O)c1cccc(F)c1,2.675
1962,O=C(O)CS(=O)c1ccc(F)cc1,2.653
1963,O=C(O)CS(=O)(=O)c1cccc(Cl)c1,2.454
1964,O=C(O)CS(=O)(=O)c1ccc(Cl)cc1,2.424
1965,O=C(O)CS(=O)(=O)c1cccc(Br)c1,2.523
1966,O=C(O)CS(=O)(=O)c1ccc(Br)cc1,2.519
1967,O=C(O)CS(=O)(=O)c1cccc(F)c1,2.432
1968,O=C(O)CS(=O)(=O)c1ccc(F)cc1,2.479
1969,O=C(O)CS(=O)(=O)c1cccc([N+](=O)[O-])c1,2.362
1970,O=C(O)CS(=O)(=O)c1ccc([N+](=O)[O-])cc1,2.33
1971,CC(=O)Nc1ccc(O)c(Cl)c1,8.2
1972,NC(=S)N/N=C/c1ccc(Cl)cc1,11.2
1973,NNC(=O)COc1ccc(Cl)cc1,2.81
1974,CCN(O)N=Nc1ccccc1Cl,11.44
1975,CCN(O)N=Nc1ccc(Cl)cc1,11.65
1976,Oc1ccc([SH2+])cc1.[I-],7.33
1977,O=P(O)(O)OCCCc1ccccn1,5.6
1978,N[C@@H](COP(=O)(O)O)C(=O)N[C@@H](CCC(=O)O)C(=O)O,3.05
1979,O=C(O)CN(CCN(CC(=O)O)CP(=O)(O)O)CP(=O)(O)O,1.5
1980,CC[N+](CC)(CC)CC(=O)NBr,6.6
1981,O=C(O)C#Cc1ccccc1,2.23
1982,O=C(O)c1cccc(C(=O)O)c1C(=O)O,2.84
1983,O=C(O)c1ccc(C(=O)O)c(C(=O)O)c1,2.64
1984,O=C(O)c1cccc(O)c(=O)c1C(=O)O,3.24
1985,O=C(O)c1cc(C(=O)O)c(C(=O)O)cc1O,1.86
1986,O=C(O)c1cc(C(=O)O)c(O)c(C(=O)O)c1,2.77
1987,N#Cc1ccc2[nH]ccc2c1,15.24
1988,O=C1CCc2cc(O)ccc21,7.53
1989,O=C1CCc2cccc(O)c21,8.43
1990,CC(=O)c1ccccc1C(=O)O,4.126
1991,CC(=O)c1cccc(C(=O)O)c1,3.827
1992,CC(=O)c1ccc(C(=O)O)cc1,3.7
1993,O=C(O)/C=C/c1ccc(O)cc1,4.64
1994,O=C(O)Cc1ccccc(O)c1=O,4.52
1995,CC(=O)Oc1ccccc1C(=O)O,3.38
1996,CC(=O)Oc1ccc(C(=O)O)cc1,3.92
1997,O=C(O)c1ccc2c(c1)OCCO2,4.35
1998,O=C(O)C1=C(C(=O)O)C2C=CC1C2,1.32
1999,Cc1cccc(=O)c(O)c1C(=O)O,2.48
2000,Cc1cccc(O)c(=O)c1C(=O)O,3.15
2001,O=C(O)C(C(=O)O)c1ccccc1,2.52
2002,O=C(O)C=Cc1ccc(O)c(O)c1,4.62
2003,O=C(O)COc1ccccc1C(=O)O,2.51
2004,CCOC(=O)c1cc(=O)cc(C(=O)O)o1,1.28
2005,Cc1c[nH]c2ccccc12,16.6
2006,C=CCc1ccccc1O,10.29
2007,C=CCc1ccc(O)cc1,10.23
2008,Cc1ccc(CC(=O)O)cc1,4.361
2009,Cc1cc(C=O)cc(C)c1O,7.74
2010,Cc1ccc(C(=O)O)cc1C,4.5
2011,CCCCC#CC#CC(=O)O,1.89
2012,CC(C(=O)O)c1ccccc1,4.3
2013,O=C(O)CCc1ccccc1,4.664
2014,COc1ccc(CC(=O)O)cc1,4.356
2015,COc1cc(C)cc(C=O)c1O,8.04
2016,Cc1ccc(C)c(C(=O)O)c1O,3.23
2017,CCOC(=O)c1ccccc1O,9.92
2018,CCOC(=O)c1cccc(O)c1,9.1
2019,CCOC(=O)c1ccc(O)cc1,8.5
2020,O=C(O)CCc1ccccc1O,4.75
2021,O=C(O)CCOc1ccccc1,4.32
2022,COc1ccccc1C(O)C(=O)O,3.64
2023,COc1ccc(C(O)C(=O)O)cc1,3.42
2024,COc1cc(CC(=O)O)ccc1O,4.41
2025,CCOc1ccc(C(=O)O)c(O)c1,3.2
2026,COc1cccc(C(=O)O)c1OC,3.98
2027,COc1ccc(C(=O)O)c(OC)c1,4.36
2028,COc1cccc(OC)c1C(=O)O,3.44
2029,COc1ccc(C(=O)O)cc1OC,4.36
2030,COc1cc(OC)cc(C(=O)O)c1,3.97
2031,O=C(O)C1=C(C(=O)O)C2CCC1C2,1.32
2032,COc1cc(C(=O)O)cc(OC)c1O,4.34
2033,CC(C)c1ccc(O)cc1,10.24
2034,Cc1cc(C)c(O)cc1C,10.57
2035,COc1cc(C)c(O)c(C)c1,10.84
2036,O=C(O)C12CCC(C(=O)O)(CC1)C2,4.197
2037,O=C(O)C12CCC(CC1)CC2,5.084
2038,CCOC(=O)C1CCCCC1=O,10.94
2039,CCOC(=O)C(CC)(CC)C(=O)O,3.54
2040,COC(=O)C(C)(C)C(C)(C)C(=O)O,4.98
2041,CCC(CC)(CC(=O)O)CC(=O)O,3.67
2042,CC(C)C(C)(CC(=O)O)CC(=O)O,3.78
2043,CCCCC(CC)(C(=O)O)C(=O)O,2.15
2044,CCCC(CCC)(C(=O)O)C(=O)O,1.82
2045,O=Nc1ccc(O)c2ncccc12,2.26
2046,O=C(O)c1cnc2ccccc2n1,2.875
2047,O=C(O)c1ccc2nccnc2c1,3.64
2048,O=C1CCc2c([N+](=O)[O-])cc([N+](=O)[O-])c(O)c21,1.94
2049,O=Cc1c[nH]c2ccccc12,12.36
2050,Oc1cccc2cccnc12,4.91
2051,O=C(O)c1c[nH]c2ccccc12,3.87
2052,O=C(O)c1cn(-c2ccccc2)nn1,2.88
2053,N#Cc1ccc(OCC(=O)O)cc1,2.87
2054,O=C(O)c1cccc(C=C[N+](=O)[O-])c1,3.87
2055,O=C(O)c1ccc(C=C[N+](=O)[O-])cc1,3.94
2056,O=C1CCc2c([N+](=O)[O-])ccc(O)c21,5.27
2057,O=C1CCc2ccc([N+](=O)[O-])c(O)c21,5.31
2058,Cn1c(=O)[nH]c(=O)c2ccccc21,9.85
2059,Cn1c(=O)[nH]c2ccccc2c1=O,10.6
2060,Cc1cc(C#N)cc(C)c1O,8.19
2061,Cc1ccc(C(O)C(F)(F)F)cc1,12.04
2062,CC(=NO)C(=O)c1ccccc1,9.31
2063,O=C(O)CCc1ccc(Cl)cc1,4.66
2064,O=C(O)CCc1ccccc1Br,4.58
2065,O=C(O)CCc1ccccc1F,4.6
2066,CC(=O)Nc1cccc(C(=O)O)c1,4.03
2067,Cc1cc(Cl)ccc1OCC(=O)O,3.107
2068,O=C(O)CNC(=O)c1ccccc1O,3.41
2069,COc1cc(C=C[N+](=O)[O-])ccc1O,7.03
2070,O=C(O)CCc1cccc([N+](=O)[O-])c1,4.53
2071,O=C(O)CCc1ccc([N+](=O)[O-])cc1,4.54
2072,Cc1cc([N+](=O)[O-])c(C)c(C(=O)O)c1O,2.78
2073,CCOC(=O)c1ccc([N+](=O)[O-])c(O)c1,6.11
2074,CCOC(=O)c1ccc(O)c([N+](=O)[O-])c1,5.44
2075,Cn1c(-c2ccccc2)n[nH]c1=S,7.66
2076,CC(=O)CC(=O)Nc1ccccn1,9.72
2077,Cc1cccc(S(=O)CC(=O)O)c1,2.756
2078,Cc1ccc(S(=O)CC(=O)O)cc1,2.74
2079,COc1ccc(S(=O)CC(=O)O)cc1,2.754
2080,Cc1cccc(S(=O)(=O)CC(=O)O)c1,2.567
2081,Cc1ccc(S(=O)(=O)CC(=O)O)cc1,2.542
2082,CC(C)c1cc([N+](=O)[O-])cc([N+](=O)[O-])c1O,4.536
2083,CS(=O)(=O)c1ccc(OCC(=O)O)cc1,2.85
2084,COc1cccc(S(=O)(=O)CC(=O)O)c1,2.588
2085,COc1ccc(S(=O)(=O)CC(=O)O)cc1,2.602
2086,NCc1cccc(CC(=O)O)c1,3.83
2087,NCc1ccc(CC(=O)O)cc1,3.88
2088,CN(C)c1ccccc1C(=O)O,8.51
2089,N#CC12CCC(C(=O)O)(CC1)C2,4.227
2090,N[C@@H](Cc1ccccc1)C(=O)O,9.02
2091,C[S+](C)c1cccc(C(=O)O)c1,3.2
2092,C[S+](C)c1ccc(C(=O)O)cc1,3.3
2093,N[C@@H](Cc1ccc(O)cc1)C(=O)O,2.25
2094,COP(=O)(OC)c1cccc(C(=O)O)c1,3.74
2095,COP(=O)(OC)c1ccc(C(=O)O)cc1,3.61
2096,CC(O)(C(=N)N)c1ccccc1,10.96
2097,Cc1cc(O)cc(C)c1S(C)(=O)=O,8.13
2098,CN(C)Cc1ccccc1O,8.53
2099,CCN(O)N=Nc1ccc(C)cc1,12.67
2100,CCCN(O)N=Nc1ccccc1,12.39
2101,CN(C)Cc1cccc(O)c1O,8.01
2102,CCN(O)N=Nc1ccc(OC)cc1,12.85
2103,O=C(O)C12CCC(Br)(CC1)CC2,4.619
2104,CN(C)Cc1cc(O)c(O)c(O)c1,8.26
2105,NC(CS)Cc1ccccc1,7.93
2106,NCC(S)Cc1ccccc1,8
2107,C[N+](C)(C)c1ccccc1O,7.43
2108,C[N+](C)(C)c1cccc(O)c1,8.06
2109,C[N+](C)(C)c1ccc(O)cc1,8.35
2110,CCC1(C(C)C)C(=O)NC(=O)NC1=O,8.01
2111,O=C(O)CCP(CCC(=O)O)CCC(=O)O,2.89
2112,CC(=NO)C(=O)CN1CCCCC1,8.15
2113,CC(=O)C(CN1CCCCC1)=NO,6.96
2114,CCCCNC(C)(C)C(C)=NO,9.09
2115,Oc1c(Cl)cc(Cl)c2cccnc12,2.89
2116,CN(C)Cc1cc(Cl)ccc1O,7.95
2117,CCCN(O)N=Nc1ccc(Cl)cc1,11.74
2118,C[N+](C)(C)c1ccc(O)c(Cl)c1,6.62
2119,N#CC(C#N)=C(C#N)NC(C#N)=C(C#N)C#N,-5.8
2120,O=C(O)c1cc(C(=O)O)c(C(=O)O)cc1C(=O)O,1.87
2121,O=C(O)CC#Cc1ccccc1,3.44
2122,Cc1cc(=O)oc2cccc(O)c12,8.26
2123,Cc1cc(=O)oc2ccc(O)cc12,9.14
2124,Cc1cc(=O)oc2cc(O)ccc12,7.8
2125,O=C(O)Cc1cccc(O)c(=O)c1C(=O)O,3.75
2126,C=CCc1cccc(C(=O)O)c1,4.32
2127,C=CCc1ccc(C(=O)O)cc1,4.34
2128,C=C(C)c1ccc(C(=O)O)cc1,4.04
2129,CC=Cc1cccc(C(=O)O)c1,4.25
2130,CC=Cc1ccc(C(=O)O)cc1,4.49
2131,O=C1CCCc2cc(O)ccc21,7.74
2132,O=C1CCCc2cccc(O)c21,11.31
2133,CC(=O)c1ccc(OCC(=O)O)cc1,2.81
2134,COC(=O)C1=C(C(=O)O)C2C=CC1C2,3.02
2135,O=C(O)C(Cc1ccccc1)C(=O)O,2.91
2136,COc1cc(/C=C/C(=O)O)ccc1O,4.58
2137,CCOc1ccc(C(=O)O)c(C(=O)O)c1,2.74
2138,COc1ccc(C=O)c(C(=O)O)c1OC,3.06
2139,O=C(O)COC(C(=O)O)c1ccccc1,2.87
2140,Cc1ccc(C(=O)O)c(C)c1C,4.06
2141,Cc1cc(C)c(C)c(C(=O)O)c1,4.01
2142,Cc1ccc(C)c(C(=O)O)c1C,3.34
2143,Cc1cc(C)c(C(=O)O)cc1C,4.38
2144,Cc1cc(C(=O)O)cc(C)c1C,4.52
2145,CC(CC(=O)O)c1ccccc1,4.4
2146,CC(C)c1ccc(O)c(=O)cc1,6.85
2147,C=CCc1cccc(OC)c1O,10.38
2148,C=CCc1cccc(O)c1OC,9.92
2149,C=CCc1ccc(OC)c(O)c1,10.02
2150,C=CCc1ccc(O)c(OC)c1,10.19
2151,C/C=C/c1ccc(OC)c(O)c1,9.9
2152,C/C=C/c1cccc(OC)c1O,10.2
2153,Cc1ccc(CCC(=O)O)cc1,4.74
2154,Cc1cc(C)cc(OCC(=O)O)c1,3.2
2155,Cc1ccc(C)c(C(O)C(=O)O)c1,3.57
2156,CCc1ccc(C(O)C(=O)O)cc1,3.55
2157,CC(C)c1cccc(C(=O)O)c1O,2.76
2158,COc1ccc(CCC(=O)O)cc1,4.71
2159,COc1cc(/C=C/CO)ccc1O,9.54
2160,COC(=O)C1=C(C(=O)O)C2CCC1C2,3.19
2161,Cc1c(C)c(O)c(C)c(C)c1O,11.25
2162,COC(=O)C12CCC(C(=O)O)(CC1)C2,4.494
2163,O=C(O)C12CCC(C(=O)O)(CC1)CC2,4.468
2164,CC(C)C(=O)CC(=O)C(C)(C)C,10.72
2165,CCCC(=O)CC(=O)C(C)CC,9.55
2166,CCC(C)C(=O)CC(=O)C(C)C,9.66
2167,CC(C)(C)C(C)(CC(=O)O)CC(=O)O,3.61
2168,CCC(CC)C(CC)(C(=O)O)C(=O)O,2.15
2169,O=Nc1c(O)c(N=O)c2ccccc2c1O,4.62
2170,O=C(O)c1nc2ccccc2nc1C(=O)O,1.8
2171,Oc1cc(Cl)cc2ccccc12,8.4
2172,Oc1ccc(Cl)c2ccccc12,8.86
2173,Oc1cc(Cl)c2ccccc2c1,8.82
2174,Oc1cc(Br)cc2ccccc12,8.34
2175,Oc1ccc(Br)c2ccccc12,8.72
2176,Oc1cc(Br)c2ccccc2c1,8.74
2177,Oc1cc(I)cc2ccccc12,8.36
2178,Oc1cc(I)c2ccccc2c1,8.81
2179,O=Nc1ccc2ccccc2c1O,7.24
2180,O=Nc1ccc(O)c2ccccc12,8.18
2181,O=Nc1c(O)ccc2ccccc12,7.77
2182,O=C(O)c1ccc2ccccc2n1,1.45
2183,O=C(O)c1cccc2cccnc12,2.01
2184,O=[N+]([O-])c1ccc2ccccc2c1O,5.89
2185,O=[N+]([O-])c1cc(O)c2ccccc2c1,7.85
2186,O=[N+]([O-])c1ccc(O)c2ccccc12,5.73
2187,O=[N+]([O-])c1c(O)ccc2ccccc12,5.93
2188,O=[N+]([O-])c1cc(O)cc2ccccc12,8.09
2189,Cc1cc(=O)oc2cc(O)c(Cl)cc12,6.1
2190,O=C(O)c1nnn(-c2ccccc2)c1C(=O)O,2.13
2191,Cc1ccc2c(N=O)ccc(O)c2n1,3.14
2192,O=C1CCCc2c([N+](=O)[O-])cc([N+](=O)[O-])c(O)c21,5.12
2193,CC(=O)c1c[nH]c2ccccc12,12.99
2194,Cc1[nH]c2ccccc2c1C=O,12.47
2195,Nc1cc(O)c2ccccc2c1,4.08
2196,Nc1cc(O)cc2ccccc12,3.45
2197,Cc1nc2ccccc2cc1O,5.61
2198,Cc1c(C(=O)O)nnn1-c1ccccc1,3.73
2199,O=C1CCCc2c([N+](=O)[O-])ccc(O)c21,8.59
2200,O=C1CCCc2ccc([N+](=O)[O-])c(O)c21,7.95
2201,O=C(O)CSC(C(=O)O)c1ccccc1,2.98
2202,C=CCC1(CC=C)C(=O)NC(=O)NC1=O,7.79
2203,Cc1c([N+](=O)[O-])cc(C(C)C)c(O)c1[N+](=O)[O-],3.958
2204,O=c1[nH]c(=O)c2ncn([C@@H]3O[C@H](CO)[C@@H](O)[C@H]3O)c2[nH]1,5.67
2205,CC(C)(C)c1ccc(O)c(Cl)c1,8.58
2206,N#CC12CCC(C(=O)O)(CC1)CC2,4.545
2207,CCc1cc(O)cc(CC)c1N=O,8.34
2208,NCc1ccccc1CCC(=O)O,4.22
2209,NCc1ccc(CCC(=O)O)cc1,4.28
2210,CCc1cc([N+](=O)[O-])cc(CC)c1O,7.73
2211,Nc1ncnc2c1ncn2[C@@H]1O[C@H](CO)[C@@H](O)[C@H]1O,3.5
2212,CCC(O)(C(=N)N)c1ccccc1,11.06
2213,C=CCC1(C(C)C)C(=O)NC(=O)NC1=O,7.91
2214,Cc1ccc(O)c(CN(C)C)c1,8.7
2215,Cc1cccc(CN(C)C)c1O,8.3
2216,CCCN(O)N=Nc1ccc(C)cc1,12.79
2217,COc1ccc(O)c(CN(C)C)c1,8.62
2218,COc1cccc(CN(C)C)c1O,8.42
2219,CCC(N)(CS)c1ccccc1,7.65
2220,CC(S)(CN)Cc1ccccc1,8
2221,CCCCC1(CC)C(=O)NC(=O)NC1=O,7.92
2222,O=C(O)CN(CCN(CC(=O)O)CC(=O)O)CC(=O)O,0.26
2223,CN(C)C12CCC(C(=O)O)(CC1)C2,3.716
2224,O=C(O)CN(CC(=O)O)C1CCCCC1,1.62
2225,CCCCOP(=O)(CC(=O)O)OCCCC,3.58
2226,OCCN(CCO)CCN(CCO)CCO,4.37
2227,O=Nc1ccc2c(S(=O)(=O)O)cccc2c1O,7.32
2228,O=Nc1c(O)ccc2cc(S(=O)(=O)O)ccc12,7.6
2229,O=C(O)CN(CC(=O)O)CC(=O)c1cccs1,1.95
2230,C=C(Br)CC1(C(C)C)C(=O)NC(=O)NC1=O,7.72
2231,O=C(O)c1ccc2cccccc1-2,5.5
2232,O=C(O)c1cc(O)cc2ccccc12,3.69
2233,O=C(O)c1cc2ccccc2cc1O,2.79
2234,O=C(O)c1cc(O)c2ccccc2c1,4.25
2235,CC(=O)c1c(O)c2ccccc2oc1=O,4.26
2236,Cc1ccc(O)c2ccccc12,9.64
2237,Cc1ccc(C2CC2C(=O)O)cc1,4.6
2238,CCCC(=O)c1ccccc1C(=O)O,4.55
2239,COc1ccc(C2CC2C(=O)O)cc1,4.62
2240,O=C(O)CC(CC(=O)O)c1ccccc1,4.28
2241,CCC(C(=O)O)(C(=O)O)c1ccccc1,1.9
2242,CC(CCC(=O)O)c1ccccc1,4.7
2243,CC(C)c1ccc(C(O)C(=O)O)cc1,3.64
2244,CC(C)(C)Cc1ccccc1O,10.69
2245,CCC(C)C(=O)CCC(C)CC=O,9.48
2246,CC(C)C(CC(=O)O)(CC(=O)O)C(C)C,3.63
2247,CCCC(CCC)(CC(=O)O)CC(=O)O,3.65
2248,CCCCC(CCCC)(C(=O)O)C(=O)O,1.89
2249,N#Cc1cc(O)cc2ccccc12,8.41
2250,N#Cc1ccc(O)c2ccccc12,7.08
2251,O=C(O)c1ccc(Cl)c2ccccc12,3.36
2252,O=C(O)c1ccc(Br)c2ccccc12,3.37
2253,O=C(O)c1ccc(F)c2ccccc12,3.7
2254,O=C(O)c1cc([N+](=O)[O-])cc2ccccc12,2.83
2255,O=C(O)c1ccc([N+](=O)[O-])c2ccccc12,2.8
2256,O=C(c1ccccc1O)n1cccc1,8.59
2257,CC(=O)c1ccc(O)c2ncccc12,4.56
2258,O=C(O)CNc1cccc2cccnc12,1.9
2259,CC(=O)c1c(C)[nH]c2ccccc12,13.24
2260,CC1(CC(C(=O)O)c2ccccc2)N=N1,3.9
2261,O=C(O)CN(CC(=O)O)Cc1ccccc1[N+](=O)[O-],1.99
2262,O=C(O)CN(CC(=O)O)Cc1ccc([N+](=O)[O-])cc1,1.8
2263,O=C(O)CN(CC(=O)O)Cc1ccccc1,1.49
2264,CCOC(=O)CNc1cccc(C(=O)O)c1,1.15
2265,O=C(O)CC(NCc1ccccc1)C(=O)O,2.06
2266,CC(=O)N[C@@H](Cc1ccc(O)cc1)C(=O)O,3.81
2267,CCCCN=Cc1ccccc1O,12
2268,COC(=O)c1cc(O)c(O)c(O)c1CN(C)C,6.8
2269,CCOP(=O)(OCC)c1cccc(C(=O)O)c1,3.73
2270,CCOP(=O)(OCC)c1ccc(C(=O)O)cc1,3.63
2271,CS(=O)c1cccc(C(C)(C)C)c1O,9.5
2272,C=CCC1(CC(C)C)C(=O)NC(=O)NC1=O,7.68
2273,CCC1(C2CCCC2)C(=O)NC(=O)NC1=O,8.09
2274,CC=CC(C)C1(CC)C(=O)NC(=O)NC1=O,8
2275,C=C(C)CC1(CCC)C(=O)NC(=O)NC1=O,7.82
2276,CCc1cccc(CN(C)C)c1O,8.02
2277,CCC1(N2CCCCC2)C(=O)NC(=O)NC1=O,7.71
2278,CCC(CC)C1(CC)C(=O)NC(=O)NC1=O,8.01
2279,CCCC(C)C1(CC)C(=O)NC(=O)NC1=O,8.11
2280,CCCCCC1(CC)C(=O)NC(=O)NC1=O,7.95
2281,CN(C)C12CCC(C(=O)O)(CC1)CC2,4.083
2282,CCCCP(=O)(CCCC)C(C)(O)C(=O)O,2.94
2283,O=C(c1cccs1)N(O)c1ccccc1,7.54
2284,CC(=O)NC(Cc1cc(I)c(O)c(I)c1)C(=O)O,4.13
2285,CC(=O)NC(Cc1ccc(O)c(I)c1)C(=O)O,3.19
2286,C=C(Br)CC1(C(C)CC)C(=O)NC(=O)NC1=O,7.71
2287,C[N+](C)(C)CCc1ccccc1O.[I-],9.57
2288,C[N+](C)(C)CCc1cccc(O)c1.[I-],9.43
2289,C[N+](C)(C)CCc1ccc(O)cc1.[I-],9.8
2290,O=C(O)c1cc(=O)cc(-c2ccccc2)o1,1.51
2291,O=C(O)Cc1ccc2ccccc2c1,4.3
2292,Cc1cc(C(=O)O)c2ccccc2c1,3.72
2293,COc1ccc(C(=O)O)c2ccccc12,4.31
2294,COc1cc2ccccc2cc1C(=O)O,3.8
2295,CC(=O)c1c(O)ccc2c(C)cc(=O)oc12,7.17
2296,CCc1cc2c(C)cc(=O)oc2cc1O,8.01
2297,CC(CC(=O)O)(CC(=O)O)c1ccccc1,4.12
2298,CC(CCCC(=O)O)c1ccccc1,4.8
2299,CCCCc1ccc(C(O)C(=O)O)cc1,3.58
2300,CC(C)(C)C(C(=O)O)C(C(=O)O)C(C)(C)C,2.2
2301,CCC(CC)(C(=O)O)C(CC)(CC)C(=O)O,3.39
2302,O=C(O)c1cc(=O)cc(-c2ccccc2)s1,2.59
2303,O=C(O)C(=O)C=S1SCC=C1c1ccccc1,2.75
2304,O=[N+]([O-])c1cc(-c2ccccc2)c(O)c([N+](=O)[O-])c1,3.848
2305,Oc1cc(-c2ccccc2)ccc1Cl,8.07
2306,O=[N+]([O-])c1ccc(-c2ccccc2)cc1O,6.74
2307,O=[N+]([O-])c1cc(-c2ccccc2)ccc1O,6.73
2308,ON(N=Nc1ccccc1)c1ccccc1,11.41
2309,CC(=O)Nc1cc(O)cc2ccccc12,9.31
2310,CC(=O)Nc1cc(O)c2ccccc2c1,8.87
2311,CCOC(=O)c1c(-c2ccccc2)[nH]oc1=O,1.86
2312,O=C(O)CN(CC(=O)O)c1cc(C(=O)O)c(O)cc1C(=O)O,1.61
2313,O=C(O)CN(CC(=O)O)CC(=O)c1ccccc1,1.25
2314,Oc1ccc(C2CCCCC2)cc1Cl,8.66
2315,CCC1(C2=CCCCC2)C(=O)NC(=O)NC1=O,7.5
2316,CC(C)(C)c1ccc(S(=O)CC(=O)O)cc1,2.773
2317,CC(C)(C)c1ccc(S(=O)(=O)CC(=O)O)cc1,2.598
2318,Cc1ncc(CO)c(C=N[C@H](C(=O)O)[C@@H](C)O)c1O,9.89
2319,C=CCC1(C(C)CCC)C(=O)NC(=O)NC1=O,8.08
2320,C=C(C)CC1(CC(C)C)C(=O)NC(=O)NC1=O,7.79
2321,CN(C)Cc1ccc(CN(C)C)c(O)c1O,6.39
2322,CCC1(C(C)CC(C)C)C(=O)NC(=O)NC1=O,8.14
2323,CCCCCCC1(CC)C(=O)NC(=O)NC1=O,7.79
2324,ON(N=Nc1ccccc1Cl)c1ccccc1,10.52
2325,ON(N=Nc1ccc(Cl)cc1)c1ccccc1,10.72
2326,ON(N=Nc1ccc(Br)cc1)c1ccccc1,10.86
2327,O=C(O)CN(CC(=O)O)CC(=O)Nc1ccc(Br)cc1,1.6
2328,C=C(Br)CC1(C(CC)CC)C(=O)NC(=O)NC1=O,7.7
2329,Cc1ncc(CO)c(C=NC(C(=O)O)C(C)OP(=O)(O)O)c1O,10.48
2330,CN1CC[NH+](C(=O)c2ccc(N)cc2)CC1.[Cl-],8.9
2331,CN(C)Cc1cc(Cl)cc(CN(C)C)c1O,5.2
2332,CN(C)Cc1cc(F)cc(CN(C)C)c1O,5.77
2333,N#CC(=CC=CC(C#N)=C(C#N)C#N)C(C#N)C#N,-3.55
2334,O=C(c1ccccc1)c1ccc(O)cc1,7.95
2335,O=C(c1cccc(O)c1)c1ccc(O)cc1O,7.02
2336,c1ccc(-c2nc3ccccc3[nH]2)cc1,11.91
2337,CCOC(=O)c1cc(O)cc2ccccc12,8.89
2338,CCC(CC(=O)O)(CC(=O)O)c1ccccc1,3.89
2339,COC(=O)C(C(C(=O)O)C(C)(C)C)C(C)(C)C,5.57
2340,CCC(CC)(C(=O)O)C(CC)(CC)C(=O)OC,5.34
2341,O=C(O)c1c(F)c(F)c(-c2c(F)c(F)c(F)c(F)c2F)c(F)c1F,1.42
2342,O=C(Nc1ccc([N+](=O)[O-])cc1)Oc1ccccc1,12.5
2343,O=C(Nc1ccc(O)cc1)c1ccccc1,9.54
2344,O=C(O)c1ccccc1Nc1ccccc1,-1.28
2345,Nc1ccc(Oc2ccccc2)cc1C(=O)O,2.34
2346,Nc1ccc(NC(=O)c2ccc([N+](=O)[O-])cc2)cc1,4.48
2347,Nc1ccc(NC(=O)c2ccccc2)cc1,4.55
2348,Cc1ccc(N(O)N=Nc2ccccc2)cc1,11.86
2349,Cc1ccccc1N=NN(O)c1ccccc1,11.55
2350,Cc1ccc(N=NN(O)c2ccccc2)cc1,11.78
2351,COc1ccc(N=NN(O)c2ccccc2)cc1,11.95
2352,O=[As](O)(Cc1ccccc1)c1ccccc1,5.65
2353,NC(=O)NCCCC(NC(=O)c1ccccc1)C(=O)O,3.49
2354,N=C(N)NCCC[C@H](NC(=O)c1ccccc1)C(=O)O,3.24
2355,C=C(C)CC1(CC(C)CC)C(=O)NC(=O)NC1=O,7.98
2356,CN(C)Cc1cc(C(C)(C)C)ccc1O,8.59
2357,Cc1cc(CN(C)C)c(O)c(CN(C)C)c1,6.45
2358,COc1cc(CN(C)C)c(O)c(CN(C)C)c1,6.33
2359,O=C(Nc1ccc(O)cc1)c1ccc(Cl)cc1,9.5
2360,O=C(O)c1cc(N=Nc2ccc(S(=O)(=O)O)cc2)ccc1O,2.38
2361,Nc1ccc(NC(=O)c2ccc(Cl)cc2)cc1,4.54
2362,N#CC(C#N)=C(C#N)c1ccc(C(C#N)C#N)cc1,0.75
2363,O=C(O)c1ccccc1C(=O)c1ccccc1,3.536
2364,CCc1cc2c(C)cc(=O)oc2c(C(C)=O)c1O,7.65
2365,CCCC(CC(=O)O)(CC(=O)O)c1ccccc1,3.88
2366,CC(C)(C)c1cccc(C(C)(C)C)c1O,11.7
2367,O=C1c2ccccc2C(=O)c2c(O)c(S(=O)(=O)O)cc(O)c21,7.73
2368,Cc1ccc(C(=O)Nc2ccc(O)cc2)cc1,9.54
2369,Cc1ccccc1C(=O)N(O)c1ccccc1,8.41
2370,Cc1cccc(C(=O)N(O)c2ccccc2)c1,8.53
2371,Cc1cccc(N(O)C(=O)c2ccccc2)c1,8.67
2372,COc1ccc(C(=O)Nc2ccc(O)cc2)cc1,9.55
2373,O=C(O)CP(=O)(c1ccccc1)c1ccccc1,3.62
2374,NNC(=O)C(c1ccccc1)c1ccccc1,2.98
2375,Cc1ccc(C(=O)Nc2ccc(N)cc2)cc1,4.52
2376,COc1ccc(C(=O)Nc2ccc(N)cc2)cc1,4.62
2377,C=CCC1(Cc2ccccc2)C(=O)NC(=O)NC1=O,7.21
2378,Cc1ccc(N=NN(O)c2ccc(C)cc2)cc1,12.18
2379,CC(C)C1(Cc2ccccc2)C(=O)NC(=O)NC1=O,7.99
2380,CCC1(CCc2ccccc2)C(=O)NC(=O)NC1=O,7.9
2381,CC(=O)NCC(=O)NCC(=O)NCC(=O)NC(Cc1c[nH]cn1)C(=O)O,3.16
2382,CC(C)(C)c1cc(Br)cc(C(C)(C)C)c1O,10.83
2383,CC(C)(C)c1cc(N=O)cc(C(C)(C)C)c1O,8.18
2384,CC(C)(C)c1cc([N+](=O)[O-])cc(C(C)(C)C)c1O,6.65
2385,O=C(O)CNC(=O)CN(CCN(CC(=O)O)CC(=O)NCC(=O)O)CC(=O)O,2.87
2386,CCCCC(CC)CC1(CC)C(=O)NC(=O)NC1=O,7.89
2387,CC(O)CN(CCN(CC(C)O)CC(C)O)CC(C)O,4.24
2388,O=C(c1cc([N+](=O)[O-])cc(C(F)(F)F)c1)N(O)c1ccccc1,7.85
2389,O=C(c1ccccc1C(F)(F)F)N(O)c1ccccc1,7.88
2390,O=C(c1cccc(C(F)(F)F)c1)N(O)c1ccccc1,8.15
2391,O=C(c1ccc(C(F)(F)F)cc1)N(O)c1ccccc1,7.98
2392,CC(=O)N(c1cc(C)ccc1C)[NH+]1CC[NH2+]CC1.[Cl-].[Cl-],3.8
2393,CC(=O)N(c1c(C)cccc1C)[NH+]1CC[NH2+]CC1.[Cl-].[Cl-],4.2
2394,O=C(CC(=O)c1ccccc1)c1ccccc1,8.95
2395,Cc1ccc(C(=O)c2ccccc2C(=O)O)cc1,3.644
2396,CC(C)(C)c1cc(C=O)cc(C(C)(C)C)c1O,8.05
2397,CC(C)(C)c1cc(C(=O)O)cc(C(C)(C)C)c1O,10.8
2398,Cc1cc(C(C)(C)C)c(O)c(C(C)(C)C)c1,12.23
2399,COc1cc(C(C)(C)C)c(O)c(C(C)(C)C)c1,12.15
2400,CCCCC1(Cc2ccccc2)C(=O)NC(=O)NC1=O,7.91
2401,CC(C)(C)c1cc(C#N)cc(C(C)(C)C)c1O,8.7
2402,CC(C)(C)c1cc(C(N)=O)cc(C(C)(C)C)c1O,9.53
2403,O=C(O)CN(CC(=O)O)CC(CN(CC(=O)O)CC(=O)O)N(CC(=O)O)CC(=O)O,2
2404,CC(=O)N(c1c(C)cccc1C)[NH+]1CC[NH+](C)CC1.[Cl-].[Cl-],3.8
2405,CCCCCCCCCC[N+](C)(C)C(C)C(=O)O.[Br-],1.75
2406,O=C(/C=C/c1ccc(O)c(O)c1)O[C@@H]1C[C@](O)(C(=O)O)C[C@@H](O)[C@H]1O,3.59
2407,O=C(O)CN(CC(=O)O)CC(c1ccccc1)N(CC(=O)O)CC(=O)O,1.87
2408,CN(C)Cc1cc(C(C)(C)C)cc(CN(C)C)c1O,6.3
2409,CCCCC(CC)COP(=O)(O)OCC(CC)CCCC,2.85
2410,O=C(c1ccccc1)c1ccc(O)c2ccccc12,7.33
2411,Cc1cc(=O)oc2c(C(=O)c3ccccc3)c(O)ccc12,6.44
2412,O=C(O)C1C(C(=O)O)C1(c1ccccc1)c1ccccc1,2.22
2413,O=C(O)CC(CC(=O)O)(c1ccccc1)c1ccccc1,4.02
2414,CCOC(=O)c1cc(C(C)(C)C)c(O)c(C(C)(C)C)c1,9.5
2415,CC1=NN(c2ccccc2)C(=O)C1C(=O)c1ccccc1,0.28
2416,CC(C)(C)c1cc([N+](C)(C)C)cc(C(C)(C)C)c1O,9.84
2417,CCN(CC)C(=O)C1CCC[NH+](Cc2cccc([N+](=O)[O-])c2)C1.[Br-],6.9
2418,CCN(CC)C(=O)C1CCC[NH+](Cc2ccc([N+](=O)[O-])cc2)C1.[Br-],6.9
2419,CCN(CC)C(=O)C1CCC[NH+](Cc2ccccc2)C1.[Br-],7.81
2420,CCN(CC)C(=O)C1CCC[NH+](Cc2ccc(Cl)cc2)C1.[Br-],7.55
2421,O=C1C(O)=C(Oc2ccccc2)C(=O)C(O)=C1Oc1ccccc1,2
2422,C[C@]12CC[C@@H]3c4ccc(O)cc4C=C[C@H]3[C@@H]1CC[C@@H]2O,9.74
2423,C[C@]12CC[C@@H]3c4ccc(O)cc4CC[C@H]3[C@@H]1CCC2=O,10.91
2424,C[C@]12CC[C@@H]3c4ccc(O)cc4CC[C@H]3[C@@H]1CC[C@H]2O,10.1
2425,C[C@]12CC[C@@H]3c4ccc(O)cc4CC[C@H]3[C@@H]1CC[C@@H]2O,10.08
2426,CC(C)(C)c1cc(C(C)(C)C)c(O)c(C(C)(C)C)c1,12.19
2427,CN(C)Cc1cc(-c2ccccc2)cc(CN(C)C)c1O,5.65
2428,O=C(O)CN(CCN(CCN(CC(=O)O)CC(=O)O)CC(=O)O)CCN(CC(=O)O)CC(=O)O,2.42
2429,CCN(CC)C(=O)C1CCC[NH+](Cc2cccc(C)c2)C1.[Br-],7.86
2430,CCN(CC)C(=O)C1CCC[NH+](Cc2ccc(C)cc2)C1.[Br-],7.91
2431,CCN(CC)C(=O)C1CCC[NH+](Cc2cccc(OC)c2)C1.[Br-],7.71
2432,CCN(CC)C(=O)C1CCC[NH+](Cc2ccc(OC)cc2)C1.[Br-],7.98
2433,O=C(O)CN(CC(=O)O)Cc1cc2c(c(O)c1O)C(=O)c1ccccc1C2=O,4.89
2434,CC(=O)NCC(=O)NC(Cc1cn(Cc2ccccc2)cn1)C(=O)NCC(=O)O,3.3
2435,CC(=O)N(c1c(C)cccc1C)N1CCN(C(=O)OCc2ccccc2)CC1,4.5
2436,O=S(=O)(O)c1cc(Cl)cc(N=Nc2c(S(=O)(=O)O)cc3cc(S(=O)(=O)O)c(N=Nc4cc(Cl)cc(S(=O)(=O)O)c4O)c(O)c3c2O)c1O,-3.6
2437,O=P(O)(O)c1ccccc1N=Nc1c(S(=O)(=O)O)cc2cc(S(=O)(=O)O)c(N=Nc3ccccc3P(=O)(O)O)c(O)c2c1O,-2
2438,O=P(O)(O)c1ccccc1N=Nc1c(S(=O)(=O)O)cc2cc(S(=O)(=O)O)c(N=Nc3ccc(Cl)cc3P(=O)(O)O)c(O)c2c1O,-2
2439,Cc1cc(N=Nc2c(S(=O)(=O)O)cc3cc(S(=O)(=O)O)c(N=Nc4cc(C)c(Cl)c(P(=O)(O)O)c4)c(O)c3c2O)cc(P(=O)(O)O)c1Cl,-1.9
